R,G,B,Label
135.64980535423413,77.71398485008297,55.5525241895396,Neutral
79.00890245905808,50.37659298610946,20.0,Warm
135.252277350488,90.49224649559004,83.29830886273436,Neutral
99.44538583630536,61.31950614057963,47.44564973563247,Cool
123.55378775537504,72.52741352573759,55.211921079546784,Cool
136.0394844795281,67.32105855416867,57.98609431167147,Neutral
144.12076436237913,86.71345016951024,63.81867286986207,Neutral
60.07655424848176,44.13333094020231,20.0,Neutral
200.5421301769065,202.43080988013145,190.7290898476062,Cool
180.31411913773488,149.07434882763388,125.59147306386454,Neutral
123.23464160425124,101.19664568271251,83.42309347259852,Warm
206.19166611589344,163.2270087746765,132.33954972427324,Neutral
107.85564096121264,62.59868427982283,53.42293323233869,Warm
199.6863671558342,177.1328117703661,153.8494050221865,Cool
117.02846641027448,92.66434814888906,63.04543653134512,Warm
76.7176908377691,44.980381026686224,20.0,Warm
181.661748183338,128.47754363132196,79.74691495360139,Warm
95.46229326832096,69.15005090170897,53.21626976097859,Neutral
100.2326649109522,73.34525808885162,41.633965238358016,Neutral
136.7942970725416,86.02996896546999,58.57874844542178,Neutral
156.4497776996774,86.9280647000029,68.37316589202612,Warm
180.9378794507496,148.16974272167306,131.56240076933136,Cool
210.2157669620364,176.42316933595836,167.40420531264144,Neutral
55.92414012237043,33.97747979064268,49.76479749061625,Cool
79.95117780510301,25.0,20.0,Warm
146.8651486831818,100.05788721421344,80.83133343243416,Neutral
176.78935437443906,129.49352306459548,104.18659398344003,Cool
186.99660656182036,172.6747440463241,144.16006269901945,Warm
141.1305493277625,104.10457438755864,81.51747216386173,Cool
197.5321734078138,170.55088993533667,182.9170817223604,Cool
79.45245527596289,66.48407455985355,56.43908107117524,Cool
64.35741253483025,57.94940624437445,31.790945265837127,Neutral
201.2231106484719,151.76690665330136,111.23609861052918,Warm
167.30142083715614,112.68583062041178,57.1673624865711,Warm
160.0419149923588,117.8477559512944,85.65393297661555,Neutral
95.46229326832096,69.15005090170897,53.21626976097859,Neutral
203.6982560586744,173.3587485791744,130.34053819646562,Neutral
200.00345325596743,170.75085356769026,169.2677279971058,Neutral
184.73135307874077,145.73861319981054,86.28218153015982,Warm
91.78410421343894,40.26542171666965,32.391874680708774,Warm
160.53037522505704,122.09689896321066,118.08316106475868,Cool
155.9331419361729,88.74504772891466,48.3203293445896,Neutral
166.68322044389248,144.93719815672125,130.19608682540343,Neutral
135.12639625434818,80.89215419783429,49.7851351466216,Warm
220.82331333905915,172.62366809769014,182.5524859049393,Cool
132.4591066556376,97.95945909786391,76.23585284070762,Neutral
189.90644748261724,173.65189362152117,164.22490233247026,Cool
126.0513559354214,93.23711015018011,94.7132465778837,Cool
174.9513836558512,145.60732867731036,84.82835321835064,Warm
205.1426093696392,180.20549530694288,177.1981837780813,Neutral
92.91708152681922,68.25872214324734,79.271671369377,Cool
217.8128107123844,182.91970698424265,139.1938782996583,Warm
87.89265525770543,63.88877153852546,29.849536923767094,Neutral
172.64794842585982,124.30474878009387,73.64947551086101,Warm
158.37407798772176,102.46638216875988,63.167413184910686,Warm
79.3494015213897,45.07816988292249,30.583099510407976,Neutral
177.70257299522422,118.94715285422076,83.65369360447522,Neutral
104.51416542221216,50.70959614723718,20.0,Warm
63.08055811982666,50.91618942608113,20.21301060086815,Warm
160.39085649499089,144.69553802139907,91.73918349740042,Neutral
184.88851344279,122.60679493885816,113.03246362383122,Cool
126.07410799716575,77.43759503374805,29.6338434107908,Warm
196.1452684618528,131.68714283692893,124.96915701767789,Neutral
180.9750752112325,129.1043719241921,76.54583809910727,Warm
192.3836504627469,167.89108057604886,92.8597228200868,Warm
123.13802767187649,102.43420055484437,48.22221978145671,Warm
68.0128541245551,40.07975772060752,20.0,Warm
94.02051064017806,60.198681402877256,29.30346992616332,Neutral
87.89265525770543,63.88877153852546,29.849536923767094,Neutral
165.39937897936312,157.09497115868643,128.63891391834136,Cool
167.54538260726815,170.1130296630647,114.14705495232629,Warm
210.7258168325291,184.4097177987866,164.29150483683574,Neutral
110.56653594611502,75.15157788820414,46.41468826548047,Warm
139.80952388926508,139.06733538036192,134.63706301548714,Cool
187.69188863273968,146.77778117492792,127.67062471584076,Cool
113.5362618941623,76.95424359509974,44.46281202794478,Warm
178.72558495122547,133.1257443132969,109.63629045148608,Neutral
232.62426316074811,204.41143080184045,167.28067459750176,Warm
113.6977958743571,58.52623854829209,37.36719630121562,Warm
223.00777203977344,184.51013342261936,176.47652494821335,Neutral
173.77234397716387,127.48346727769312,88.1506699049521,Warm
159.33606552315945,127.4223255137028,85.01588522685473,Neutral
170.69156768617913,128.4903602747589,85.39182959359593,Warm
212.91151583243817,188.40853403877568,156.47156960109243,Warm
180.6311458555369,163.83630214904406,160.58655829266826,Cool
141.79499447754114,67.64841581175453,77.51603602251934,Cool
135.20335932452284,110.8311161667489,59.83975840806296,Warm
92.91708152681922,68.25872214324734,79.271671369377,Cool
147.2227477832773,88.66908772250447,82.3189362198078,Neutral
110.95008611522438,87.81779337494373,68.57432109187586,Cool
215.01571287784375,178.38935457015407,148.23702229269247,Warm
112.58028641375536,65.42355168017208,41.08052435210493,Warm
62.19703403687826,37.91851916321272,32.8666192863706,Neutral
198.41382181547556,184.24253665720715,137.38645182059315,Warm
146.45409061927387,90.85552251628472,51.546509086349545,Neutral
188.37256640586264,149.27772159364375,119.98303859910018,Neutral
192.13111334880617,127.92901504003063,89.40620328675261,Warm
218.9359458045693,198.6553823129732,132.35461366985538,Warm
112.53555151240889,86.60584372814633,38.64830755287289,Warm
90.03788105099726,25.0,31.31875547594613,Neutral
136.0394844795281,67.32105855416867,57.98609431167147,Neutral
76.20209733643232,45.28260795083544,52.38435192240849,Neutral
110.80617331584776,71.82381666112654,65.8221742511201,Cool
145.81572213574043,99.60336280267389,41.70854702859982,Warm
196.75813844795485,179.13048541649098,118.99585077645963,Warm
218.02969475577208,183.77298672365265,194.30254328337756,Cool
150.01925935566052,128.1236712427322,82.00174860660184,Neutral
81.9697683209171,48.65980338813367,23.03597168749453,Warm
225.3429109741417,192.1510403961452,171.43314789137543,Neutral
130.0277232800376,144.9344116618623,116.54781410165046,Cool
73.2563934435862,38.25031922756828,20.0,Neutral
82.31118557896272,27.678794985844227,48.85759870035562,Cool
60.07655424848176,44.13333094020231,20.0,Neutral
146.51424842931465,95.15603419310976,83.53491251423387,Neutral
148.67472310296074,87.22096683913074,66.09022212830885,Neutral
107.1557135235228,83.72206275873059,66.11682007814518,Cool
147.41497012629307,116.65534228277578,48.26358207115784,Warm
144.12076436237913,86.71345016951024,63.81867286986207,Neutral
120.86011043053168,90.24544075925756,32.925117273167615,Warm
108.15664710810528,53.23517005243028,42.496819808341975,Neutral
246.7235780462889,189.5653403483365,154.97443226130366,Neutral
156.6709443755933,112.9909552334045,112.74806709649606,Cool
85.85978278586917,51.566660175724046,29.298488127380796,Warm
107.36212214316288,48.1219769569384,35.39404043252305,Warm
243.847939866338,191.2979095706647,169.93605026817357,Cool
54.35792816786798,50.62672357292286,42.51858884081569,Cool
80.80185551354276,69.5296302205322,30.40330650730603,Neutral
181.9207676483456,168.74713390255036,150.47022908564512,Cool
102.42705816922584,55.04805271683898,20.0,Warm
101.68875868632348,54.750733301221935,23.93433309002836,Warm
131.3286548154568,60.600490122161794,48.19818128687792,Warm
75.95957044719765,69.9989412663052,34.31813118333222,Neutral
119.75909214463567,75.48425012032376,63.23912769549432,Cool
175.25749899060682,133.67324701346942,78.99765322002206,Warm
172.6792339896095,145.91286127957096,121.8657302473128,Cool
172.2883796658681,146.00165615641046,114.07438694316298,Neutral
139.32251608443363,102.13869415259484,114.45525690028434,Cool
217.8487794762304,157.06591665617725,108.24706181897696,Warm
210.7258168325291,184.4097177987866,164.29150483683574,Neutral
92.48703443713129,59.42221579091444,32.99767447982922,Neutral
153.3639164808956,82.79091436194395,54.647326008829694,Warm
195.73263662023209,178.96126748122802,181.50579234496288,Cool
113.00387951828556,81.45688917207393,67.2679394884251,Cool
57.958247085950994,28.64532959235405,36.07757121418965,Cool
148.57895415947945,105.64584308915548,77.51953454982402,Warm
123.69519163412444,66.48824645631643,69.57216747815697,Cool
74.75347769333595,45.07099276377093,23.397568018352388,Warm
207.5019024452287,190.16748016720192,161.86419455527562,Neutral
221.75128332667168,172.75129505580944,161.9056178695937,Cool
128.62570768623593,107.64149030941226,89.63231795694736,Cool
123.69519163412444,66.48824645631643,69.57216747815697,Cool
133.46326084394215,104.76576856573364,105.31260581103754,Neutral
205.8938980035491,187.6050075132564,162.03428382368338,Neutral
67.14260514886082,46.36995155309526,37.450912706014,Neutral
107.14184897575116,56.10830526782682,54.318020176379214,Cool
226.551360412382,205.9031760053347,179.21979243348926,Neutral
163.8236393967577,123.64671261608952,99.0676284401274,Neutral
217.56043767239225,165.46827522162758,160.3407134977288,Neutral
156.6709443755933,112.9909552334045,112.74806709649606,Cool
236.3877102266402,198.94679589513208,164.23466635346298,Warm
166.38617424178798,95.8099423640391,64.92949314934705,Neutral
229.19372967618887,194.07011296033264,193.06622244123884,Cool
94.87441885394188,64.3716009566437,50.604447243970256,Cool
232.3983768868468,191.9085136775985,189.6304489089487,Cool
76.7176908377691,44.980381026686224,20.0,Warm
102.75265193790952,60.63820799667019,20.0,Warm
214.9697919883644,191.925306848662,153.41879594884128,Cool
98.76896864549704,77.73534627284839,29.176005917040943,Warm
225.9836904265661,199.791855174116,161.1581248354735,Neutral
132.20010656798104,112.85179004264415,89.48602306711047,Cool
125.39793456383148,104.89196133291912,79.63026824976558,Cool
109.26877248000184,63.36716618529029,38.495001431787,Warm
109.77610418714764,52.05748847157276,40.175341503822246,Warm
133.3139536753628,106.08874792884797,44.44673863088858,Warm
109.38984059468862,72.1485960531595,68.52044616127029,Cool
54.56318367425912,25.0,31.869259496099243,Neutral
187.8215448069316,129.05842067227334,107.53623707637225,Warm
181.98220527168493,133.14731204709898,88.14973742687505,Warm
150.01925935566052,128.1236712427322,82.00174860660184,Neutral
135.08284513104462,110.1814346041299,103.4732710993519,Cool
175.0827136671804,128.7552742232215,80.4707615456908,Neutral
181.98220527168493,133.14731204709898,88.14973742687505,Warm
121.11274147223484,68.14392497094043,72.02924565913591,Cool
133.49636733181617,82.24422690976829,30.330022396748703,Warm
67.31074869440015,38.842119375315846,20.0,Warm
138.39902425456515,75.46891214232474,63.69921638510024,Neutral
125.502459102519,96.76674292658944,81.44870630365793,Cool
177.9872069247599,137.14008387292347,91.25476730704044,Warm
61.49786215817298,37.95269342089524,55.77160123120158,Cool
216.49394577035733,183.8823267048876,150.8688451191503,Warm
97.49397415148108,52.19633686671367,48.8584136894482,Cool
91.17684085887602,49.52596491677229,29.299343519696222,Warm
177.60862946003587,127.98965307677288,84.22570153583507,Neutral
76.72098966216628,25.0,22.419939686672635,Warm
137.39431112662294,92.371481889542,84.44161048625527,Cool
148.56152554933385,102.35834472711636,70.99614243169064,Neutral
101.44893408969972,55.45771726991816,44.57152905321129,Cool
111.93120701125356,74.1581697622506,62.40860058648957,Neutral
69.29635278455564,27.486257871336083,30.6079681388408,Neutral
178.2364553069864,165.08067506065095,123.93697165115036,Neutral
168.3085526981328,120.24370645423254,73.97480302577969,Neutral
180.2546674706296,119.19935251268598,93.82922927987036,Neutral
209.462171596855,181.39146684043124,150.17490683264683,Warm
149.04033501344526,70.11680939323728,66.9620655950872,Neutral
152.09303493481536,120.16918321058004,86.19015722875537,Neutral
135.23004441143073,113.13991832096168,68.38320701803615,Warm
171.09900343252966,123.25764030921226,91.41893974556824,Neutral
74.10718247732838,48.13654202487818,20.0,Neutral
50.7116136511782,38.28241792266897,32.37172600342836,Neutral
79.3187866205389,43.35474126722721,46.94367513985334,Cool
237.39175307090596,207.19290076138563,163.83773593192026,Warm
89.2309513507428,65.66053604259034,66.76021485224362,Neutral
193.62948129866595,186.83556220480304,152.92557415027215,Cool
109.18239520597317,65.94846588543851,38.65628767894104,Warm
157.7901645314077,110.3621009258799,78.94353874663527,Warm
121.11274147223484,68.14392497094043,72.02924565913591,Cool
91.7969041287697,48.56640462553521,67.65917150334832,Cool
173.11647023456487,116.71449212871865,80.92399930864622,Neutral
146.47165463531448,82.09587137822379,52.66241949301757,Warm
128.62570768623593,107.64149030941226,89.63231795694736,Cool
197.52349549303372,154.2793331315069,165.38265767464313,Cool
150.32741026804356,96.84085262208689,68.21974685389341,Neutral
80.48515591272083,50.11109665524474,40.8187689943821,Neutral
103.16190772671692,72.61281158888535,20.0,Neutral
63.6941511396856,32.62278344214268,29.555162304747167,Warm
172.70457917581393,153.02413008508805,115.4752613829432,Neutral
102.0075181325582,76.26167375080183,53.809987416621546,Warm
137.21159312747875,94.77165131568051,53.81142939262064,Warm
93.78283954493138,62.95104106171383,55.296513757698925,Cool
216.0842203109358,180.9485056376211,183.593964792464,Cool
146.51424842931465,95.15603419310976,83.53491251423387,Neutral
137.58851431078958,99.0465492210167,88.51946841633858,Cool
255.0,190.61071782304612,155.52354685110706,Warm
170.0760856758267,101.95183507516388,80.16086836693475,Warm
166.2523062214134,139.23417669085637,74.2121051060529,Neutral
117.584125519465,77.408781842298,28.60132655564784,Warm
109.11694038318332,63.36417274083716,40.855928218872045,Warm
77.74662404828462,38.82893608298805,42.0810449603575,Neutral
131.30275024220856,93.53603982813344,77.39247500851249,Cool
232.3983768868468,191.9085136775985,189.6304489089487,Cool
80.48515591272083,50.11109665524474,40.8187689943821,Neutral
209.9699585275092,162.98308855131015,179.45634581908712,Cool
121.01500451222898,93.61691440899416,89.07135430442708,Cool
104.7741598195131,42.68673522425734,23.558862600240627,Neutral
107.42398007229728,97.71242848437564,75.69795507367706,Cool
174.05678712343894,144.6854388126998,119.8234878241618,Neutral
168.16677851199017,122.12179912348152,80.99964960096843,Warm
114.36865488333534,78.62087746552449,29.47077586861609,Warm
79.95117780510301,25.0,20.0,Warm
128.62570768623593,107.64149030941226,89.63231795694736,Cool
185.16998907422985,148.6876692914799,129.0678383048589,Neutral
206.235926880158,148.14875311489192,123.47469800590328,Warm
142.93927072453363,107.48589642727649,65.34883939209149,Neutral
225.9316030891933,204.07532788453983,147.38133168343805,Warm
153.75628636717036,101.4608547495372,68.41300477422523,Warm
183.2955224495512,156.5111825700224,136.67093390395314,Cool
108.55928087386108,91.20348829285244,93.74572913007358,Cool
113.27606753111183,115.74569921020424,90.258212045842,Cool
204.7948232092324,119.99766176813142,96.10847714893976,Warm
167.5752967614589,124.81064761048688,77.29404315821759,Warm
220.58866973489856,205.1132501524278,140.73708878235004,Neutral
124.18350851918936,86.08183209032951,43.102190145320016,Warm
210.8433134836628,172.98595610257908,139.1602552029055,Warm
114.36204740182094,93.46729689898022,86.55163489430504,Cool
93.54765901064027,59.898811919219554,29.30519654506929,Warm
88.4520292192764,83.24790088639061,31.86036999018353,Warm
238.4290719039519,186.97893192199655,142.5104158764509,Warm
213.56119179685416,166.63227111281634,126.1031398801638,Warm
188.02087278862075,141.248990346641,139.62079131438415,Neutral
102.6937891022557,77.81662271680156,74.7147235389194,Cool
161.61270464135367,124.22845030466874,105.5078456771688,Cool
186.574608186872,127.65075911809168,93.41307816785228,Warm
137.47214618530955,75.61823659137917,52.4550883572669,Neutral
75.52679203680171,52.12704058178279,27.78310072775398,Warm
150.42846083441444,129.41764411860674,93.86212110314796,Neutral
107.77092502013257,85.79122923976753,99.7871500031731,Cool
107.1557135235228,83.72206275873059,66.11682007814518,Cool
56.16381541680843,33.59601363892892,26.944257846022367,Cool
204.34239375519616,176.13341976879616,147.31063291980496,Warm
138.6435155495434,112.29417193188384,81.86901424310958,Neutral
162.9433710731662,110.17419768498084,67.29753193807545,Warm
175.89584397310253,161.25676491357936,145.35825520812588,Neutral
102.92502893012995,74.83515700736444,20.0,Warm
77.28079812894072,25.0,43.56147048517026,Cool
72.91621073617831,40.6094214887232,33.592904271745816,Cool
88.86149642858194,25.0,72.59468920432478,Cool
99.35174333725634,58.09411327954139,50.880078938762935,Cool
184.604644334316,131.91987439019155,114.5994936625398,Neutral
119.72469999177277,67.82151725296647,42.8150764618729,Warm
99.37255579928885,68.08659440080707,35.62483734883498,Neutral
168.49416024419014,137.33996360613324,98.20438036683638,Neutral
143.69589228840243,82.37114457714944,58.51752129628939,Neutral
153.43469775318732,143.67608921742914,133.99789189723847,Cool
79.5940695882193,44.08744294436424,20.0,Warm
88.06231315426298,71.8092232200871,45.04399860898568,Neutral
244.67049606408835,193.33108159365693,156.6993191539105,Warm
107.42398007229728,97.71242848437564,75.69795507367706,Cool
132.22073058685584,79.61147446041099,55.07133178847796,Warm
132.4101325886949,93.246639913057,71.64953846684408,Neutral
104.55213219016736,51.7951921298956,34.1910032844591,Neutral
99.35174333725634,58.09411327954139,50.880078938762935,Cool
129.48122210980165,88.35575865565332,53.095976767512624,Warm
126.21571611185502,101.87118713288136,84.04416553759137,Cool
220.367577911133,179.77097011999734,147.34369977050702,Warm
97.00333298948776,54.720862127447845,26.11789427782637,Warm
172.57264136890365,140.9111943496804,132.2304847667786,Cool
161.5255778169463,120.0899207094138,82.92616024082248,Warm
169.6998803686923,120.7103014528956,94.60908614973434,Neutral
193.09168505105396,159.13121757160403,91.92868286285972,Warm
153.16511867380083,129.39860143138006,120.05429317660736,Cool
114.18444648367829,92.39085274294328,84.03076605671797,Cool
120.51441538751524,77.96595428475447,50.00896152864212,Neutral
191.3908249818392,137.99665196166703,131.67787927724797,Neutral
131.30275024220856,93.53603982813344,77.39247500851249,Cool
143.07961813286997,113.1455789584872,123.09182181123954,Cool
98.41323766505512,42.68620041144541,20.0,Warm
175.18887477146137,154.40670344500847,156.5534361692998,Cool
93.78283954493138,62.95104106171383,55.296513757698925,Cool
110.05488989520686,52.63561059350271,44.6536898410589,Neutral
84.28570309314647,33.53047536419569,20.0,Warm
82.2833775068049,61.64307879889052,50.98813917825547,Cool
179.863141658078,160.74699723791954,174.72529541383727,Cool
159.30555300687504,119.77680153613473,68.86730385452499,Warm
151.13363990183566,118.11666251644496,107.42430081175152,Cool
84.93207752445313,67.26134763251724,29.337695743859424,Neutral
224.4890891049107,174.45881303566918,110.80015593961656,Warm
189.6838541611024,157.57117215065264,139.51303697069105,Neutral
215.01571287784375,178.38935457015407,148.23702229269247,Warm
229.9222871198049,206.62339370063697,176.37425746577307,Cool
198.93444262745,160.04099951751175,130.44104564569054,Warm
91.24865078442086,64.37950107221292,53.23962489622824,Cool
51.53958216320676,30.486169157954983,29.141984262732656,Neutral
216.70697450499324,173.3935525894793,118.41393821600954,Neutral
167.87502291194576,159.93978702838686,150.3394502343474,Cool
181.5434591098952,173.77907943539836,136.1636508941068,Cool
220.58866973489856,205.1132501524278,140.73708878235004,Neutral
117.18411043363542,50.6453446519954,22.90407298092983,Warm
150.92121793927726,95.06618481269513,57.96952481986033,Warm
121.92799290141616,62.76616436618948,36.54621641715914,Warm
71.14779633913665,42.152853086528495,20.0,Neutral
92.18087738755406,55.98494403888747,24.363440453007502,Neutral
207.5019024452287,190.16748016720192,161.86419455527562,Neutral
98.84478330692748,37.74010434909677,43.871366534889766,Neutral
227.0995907692338,171.08075712678152,174.79904121981724,Neutral
226.39036078033865,210.16899780501564,179.75399539085802,Cool
143.46358126099892,105.03322696623565,92.47127341331252,Cool
163.8236393967577,123.64671261608952,99.0676284401274,Neutral
138.60520213121742,70.86177343420975,52.22956998912118,Warm
105.57108155839038,55.79498792344669,21.56849179813949,Warm
158.15884007362004,125.94592029102576,76.14571337244035,Neutral
204.7948232092324,119.99766176813142,96.10847714893976,Warm
96.5574790055856,60.73395371756158,34.12839216943262,Neutral
220.230690120982,209.15338195721205,161.65348405799386,Neutral
139.09332113123423,93.54385718783892,80.9334080315042,Cool
66.36489047313229,49.873118277513385,43.773044156405255,Cool
82.1503456794309,64.58291379343417,47.33663436215146,Neutral
75.95957044719765,69.9989412663052,34.31813118333222,Neutral
110.8156396539635,59.1874677169303,52.54589212658118,Cool
159.03446600578656,127.10628254824482,97.47508803570912,Cool
146.45409061927387,90.85552251628472,51.546509086349545,Neutral
118.39011907149718,119.14922570759138,92.60603927885228,Cool
132.66567578593333,106.96807927081232,85.01610343179742,Warm
212.91151583243817,188.40853403877568,156.47156960109243,Warm
215.6244537143353,187.99215375208684,176.49644409039655,Cool
119.8901959035979,93.29754550336588,64.50963687773564,Neutral
88.8961798387462,67.06474276372514,59.71465204551958,Cool
177.4649263235351,122.83670297625868,98.8449962090673,Warm
132.53590971317973,83.86110496576211,76.48722446021418,Neutral
173.11647023456487,116.71449212871865,80.92399930864622,Neutral
160.0419149923588,117.8477559512944,85.65393297661555,Neutral
101.48148207724782,79.37630922104802,69.20414765478027,Cool
174.23801501399072,144.84561094360225,138.52490572749113,Cool
200.55950986358303,190.67500591505265,178.15615413617925,Neutral
201.32569649381048,166.1777176574878,187.1545295168684,Cool
118.7299778141746,85.70775187296455,47.17433994857966,Warm
225.36593616437827,176.45192759027276,145.8050406967593,Warm
184.96731462185056,162.15048057348292,121.63253985689931,Warm
210.56400879045665,193.08827196871923,172.55878605891982,Cool
179.863141658078,160.74699723791954,174.72529541383727,Cool
130.11072200883194,95.19256431513628,71.0412125028664,Neutral
152.09554350150856,150.5577220613107,157.4096561151965,Cool
94.3128636418424,43.28913263308688,25.619852550663246,Neutral
206.196423760704,152.18228191159082,153.56721057235453,Cool
84.93207752445313,67.26134763251724,29.337695743859424,Neutral
141.60562145976752,109.41624637049291,82.9771867137973,Warm
113.55075775734376,58.59277233653447,20.0,Warm
75.43433931065181,50.82194552775068,20.0,Warm
79.5940695882193,44.08744294436424,20.0,Warm
212.7121709411631,188.3467628788861,180.7429171663217,Cool
124.7010246336106,91.75228885025822,43.151946624040825,Warm
115.42603282211071,90.30768797134758,67.05172426369802,Warm
140.51676988444768,92.31372767762596,46.525720577958026,Warm
230.9719908133073,193.06435244514265,182.41554879673023,Cool
97.13924188008838,49.272699349661146,62.45788689850866,Cool
70.9539527570974,25.0,58.9658639579099,Cool
106.83917015165908,70.59174221966907,39.22124333528483,Warm
201.51429869373115,169.06473689460825,127.01156541050528,Neutral
142.65247508140695,102.118982614217,62.49593566797788,Neutral
53.52982939390724,52.39543467756892,45.25692924598898,Cool
136.69702178103898,94.14842868296306,50.91829277015315,Warm
205.7806748029957,174.57673896789038,142.3784596568447,Warm
230.14992942473225,200.19206391618383,163.83443006471492,Warm
107.41819319435211,60.97166278044312,23.006808677945724,Warm
94.46854102677472,68.48652336716968,54.71357761199602,Cool
147.15758664108472,117.1816680542339,85.39801135615798,Neutral
115.76726565971666,111.30699173739636,104.15425486466218,Cool
79.45245527596289,66.48407455985355,56.43908107117524,Cool
68.77270327178806,51.63251917102279,35.2187174204995,Warm
150.42846083441444,129.41764411860674,93.86212110314796,Neutral
124.7010246336106,91.75228885025822,43.151946624040825,Warm
201.32569649381048,166.1777176574878,187.1545295168684,Cool
136.0394844795281,67.32105855416867,57.98609431167147,Neutral
152.10919764480806,77.32412574403143,62.9472298842494,Warm
103.48159992506508,79.37770321674873,20.0,Warm
181.51916052333232,141.69625214649324,132.61005346262164,Cool
163.8223787777325,121.41213472130582,117.72797091939276,Cool
104.12060881780366,72.4655790758018,52.7057711422542,Neutral
243.04429232041295,190.99237458374228,169.33678982567068,Neutral
201.2231106484719,151.76690665330136,111.23609861052918,Warm
200.5421301769065,202.43080988013145,190.7290898476062,Cool
178.97406958318976,142.18168880308374,119.1135960653367,Neutral
167.33097284664586,99.0021922504984,73.04521814445219,Warm
171.4890369367814,148.21359203230963,137.5681730503528,Cool
199.65484361901804,142.7087693168506,112.12033101150324,Warm
198.39470241030236,159.91022034543866,110.46455643446431,Neutral
124.18350851918936,86.08183209032951,43.102190145320016,Warm
193.62948129866595,186.83556220480304,152.92557415027215,Cool
149.80120812052374,113.53966187548106,77.95852454819337,Warm
122.81721156125262,105.9888927664514,81.17484500815846,Cool
83.74200136476415,47.91386468906281,31.35734883846488,Neutral
206.99203598969387,156.05206485994404,123.11693569939118,Warm
103.14834453115508,57.17471297933852,61.83942047477192,Cool
212.00355932644783,185.97652801505168,163.83443600200178,Neutral
136.56995103405208,90.67103651890406,65.14679204838275,Warm
163.22776604257916,140.84282478976314,157.61405117947908,Cool
206.20651809530423,191.40200058173303,173.08860000887714,Neutral
101.22907372862694,77.78788128145088,34.448640468445134,Neutral
204.75511162661596,194.34239900147017,181.25788269067053,Cool
145.80780164710134,112.35982442094092,97.96804829328217,Neutral
87.4642681870175,46.623417623974674,52.18576076724968,Cool
143.49595315768835,110.50433210233749,89.4222265123687,Cool
214.7025875112907,177.60740995010735,176.60434384523663,Cool
193.8640222936077,153.84275084822977,122.28341541820863,Neutral
108.55683138221904,51.38948320639001,31.456916211707103,Neutral
231.99684447141905,194.72068124209835,188.20186375686703,Cool
114.29860975180172,78.33115042771674,60.40009092917925,Neutral
194.51253243547131,133.96140082542368,107.82869887774412,Warm
96.1571110923828,79.00311051005244,20.0,Warm
104.12060881780366,72.4655790758018,52.7057711422542,Neutral
137.0513507160536,88.98427993637583,59.21628632407933,Neutral
179.1149450694737,111.16926912803548,51.119653686559325,Warm
187.8813577815557,158.48411387558906,157.20096213446067,Cool
126.07410799716575,77.43759503374805,29.6338434107908,Warm
132.53590971317973,83.86110496576211,76.48722446021418,Neutral
222.6325900163663,180.56198590699563,145.62762845210548,Warm
180.9750752112325,129.1043719241921,76.54583809910727,Warm
170.72392645735633,115.07971719732372,97.54423829086294,Neutral
92.14810442143988,29.03380749754872,28.11221586143522,Neutral
87.81833092046784,69.21706496448783,64.16966438468992,Neutral
186.99660656182036,172.6747440463241,144.16006269901945,Warm
181.661748183338,128.47754363132196,79.74691495360139,Warm
71.06975697077998,34.886365187793146,34.3470392323561,Neutral
209.462171596855,181.39146684043124,150.17490683264683,Warm
221.14442974489256,178.28329630593225,179.93640260694193,Cool
81.64490615778968,54.87805885282303,52.89327165832962,Cool
94.84041035300828,31.95497654922267,25.763459567824064,Warm
160.2665308214074,117.69653566847296,107.16526385745468,Neutral
60.23644726080285,48.63107475260623,39.54014497197476,Neutral
182.88149210755887,133.87672955903588,120.46979301348658,Cool
99.37255579928885,68.08659440080707,35.62483734883498,Neutral
159.66883485302318,111.81905692306152,91.55300742973924,Warm
53.48066648460549,52.0992163916964,20.0,Warm
179.55625096736782,124.6625584558805,86.23671495907695,Warm
161.42975154748396,158.73384706185706,157.13414445393397,Cool
197.8433833385514,161.0987531411528,147.51212541379698,Cool
91.44772723091192,58.70415206292017,26.46197403558764,Warm
223.97271158257624,173.4992304526608,169.7503795316825,Cool
185.44987324439967,119.31111239357202,69.55693072191839,Warm
121.882408103859,93.05949742002696,49.2782229642614,Neutral
146.79206482918767,112.42488740941272,74.82926492018039,Warm
153.7015487732424,132.17452441472116,124.48306467177257,Cool
182.1382182338062,136.40896432913354,90.2967619219464,Neutral
79.00890245905808,50.37659298610946,20.0,Warm
187.8813577815557,158.48411387558906,157.20096213446067,Cool
99.42505758447176,35.812816422755034,20.492903281660915,Neutral
217.56043767239225,165.46827522162758,160.3407134977288,Neutral
137.86957298572418,134.24867256076365,101.25709522276718,Cool
60.23644726080285,48.63107475260623,39.54014497197476,Neutral
80.40807686962958,40.64357379244457,49.49161798104818,Cool
70.78847522124705,51.75815798237304,38.274450487052746,Neutral
80.89977461587803,61.39584682160701,26.28338136938292,Warm
68.05701655767614,63.58834955939896,30.459624858400225,Neutral
127.59066632564348,92.70684055385703,64.95863829238668,Neutral
132.76773253642625,80.96681596342523,57.28126417332842,Warm
182.06299729231824,137.49938197187905,98.1534178129506,Warm
95.9936917901113,63.74585977328153,34.373643444207374,Neutral
98.21884939554953,59.47220090792867,51.660778346603074,Cool
196.5881580768321,162.7334622270288,157.5909094723504,Cool
156.1216645873613,134.5165855728468,108.65881450082088,Cool
122.29643436152934,83.42542522463047,77.49482006076545,Neutral
71.86557093242972,49.38944408775164,54.75705132230247,Cool
84.21656285446558,67.2620444750835,61.96550209671372,Cool
193.77123952066685,147.9739128996196,108.12303289041,Warm
105.57108155839038,55.79498792344669,21.56849179813949,Warm
170.52641604947095,142.12884137436657,100.26422433229796,Neutral
110.8156396539635,59.1874677169303,52.54589212658118,Cool
138.80945917728738,100.31031461722114,66.475676925374,Neutral
67.14260514886082,46.36995155309526,37.450912706014,Neutral
158.9595435898945,112.0439968451681,84.06147393420397,Warm
114.36204740182094,93.46729689898022,86.55163489430504,Cool
83.74200136476415,47.91386468906281,31.35734883846488,Neutral
195.73263662023209,178.96126748122802,181.50579234496288,Cool
146.8846316238507,128.47388846383086,116.91763232497443,Cool
211.95015683953207,169.0602674702831,137.9568318543677,Neutral
161.7415362625634,111.80530193300235,91.57460361283664,Warm
68.05701655767614,63.58834955939896,30.459624858400225,Neutral
90.80333583866609,53.25721146298952,52.08050091164712,Neutral
104.1742195156015,56.59625858118704,43.96270506520431,Cool
195.1318261623303,167.49270349916964,119.72679366503571,Neutral
123.66177955879192,127.26438875964298,112.84378922203396,Cool
183.67941529664552,138.85011218880766,111.09948736787524,Warm
181.621481422417,152.86022327295578,135.68032199103237,Cool
141.11596370969897,110.56575479450991,54.876738794490215,Warm
206.99621353292224,197.52119559711335,171.990899531319,Neutral
157.98696318410035,120.89361824431226,76.9414250803339,Warm
229.9222871198049,206.62339370063697,176.37425746577307,Cool
80.88999411927226,35.789867062914,20.0,Warm
132.00083038978147,96.39833887957376,58.60568927436064,Warm
212.8446630340225,182.12518184389515,151.8064784747793,Warm
191.4113217922403,111.29383215951404,97.72017978732602,Neutral
204.1903689010319,146.50096442463857,105.91849094650595,Warm
164.26032679260337,116.94194198421856,106.8706927182838,Neutral
143.49595315768835,110.50433210233749,89.4222265123687,Cool
98.47128334450528,71.58152102008641,55.10629171491063,Cool
132.53590971317973,83.86110496576211,76.48722446021418,Neutral
214.9697919883644,191.925306848662,153.41879594884128,Cool
163.15277079668616,124.26827642047292,115.46449662207306,Cool
109.26877248000184,63.36716618529029,38.495001431787,Warm
207.83623849845645,187.5779673993673,159.44220323678547,Cool
102.9054843014836,38.398103116662185,20.0,Warm
137.04274203794816,59.12768184182775,46.90243971940055,Warm
80.9625202653736,56.1509806926218,62.85719713446179,Neutral
217.56043767239225,165.46827522162758,160.3407134977288,Neutral
215.67551691397483,184.77949274140377,182.7465857238465,Cool
169.70772734862717,166.30775104680097,147.46163239541946,Neutral
90.23265210774616,25.0,22.75506756057629,Warm
74.55034641532997,64.30715922877431,55.37381249812002,Cool
217.8128107123844,182.91970698424265,139.1938782996583,Warm
89.9313056393926,49.84356616893315,20.0,Warm
162.43443765780052,110.55483012927084,139.30909863130995,Cool
116.96543248082108,61.00474734502838,66.63626882366928,Cool
78.74856595113329,48.7553976505772,71.079203160432,Cool
135.85713638527375,108.44701569093594,90.551195996024,Cool
157.3924626433161,131.63055113929653,113.23735700003978,Cool
133.2218473572396,69.7434769559068,32.58670312351492,Warm
98.60719306083246,80.92218356441194,57.01871493487043,Neutral
189.9714514650788,113.9865899978802,107.30395443896316,Neutral
142.28975117605117,79.54858993894446,52.23545816695217,Warm
246.7235780462889,189.5653403483365,154.97443226130366,Neutral
171.13290879461445,142.78318831927308,68.34998229026519,Warm
192.3836504627469,167.89108057604886,92.8597228200868,Warm
88.4520292192764,83.24790088639061,31.86036999018353,Warm
110.06272257165628,78.72030192626893,73.69584505079088,Cool
172.70457917581393,153.02413008508805,115.4752613829432,Neutral
60.07578096188802,25.0,20.0,Warm
238.4290719039519,186.97893192199655,142.5104158764509,Warm
216.49394577035733,183.8823267048876,150.8688451191503,Warm
161.42975154748396,158.73384706185706,157.13414445393397,Cool
138.13797644310935,98.93154143123006,45.9579377345144,Warm
101.62073922852537,60.60563209494137,20.0,Warm
95.95334236786375,73.85736389115863,31.740649805850524,Warm
142.0346431820529,141.21353123302524,114.45341539560222,Cool
189.9714514650788,113.9865899978802,107.30395443896316,Neutral
154.01366643339736,64.99314779604424,52.58284256317369,Warm
75.24221547813492,50.48718523477042,20.0,Warm
200.85565446715535,158.5117189925564,126.6737341727154,Neutral
135.23004441143073,113.13991832096168,68.38320701803615,Warm
208.3738020680001,161.1946217238497,120.01366643689576,Warm
92.61412559470712,57.558130577803816,20.0,Neutral
243.847939866338,191.2979095706647,169.93605026817357,Cool
209.462171596855,181.39146684043124,150.17490683264683,Warm
93.78283954493138,62.95104106171383,55.296513757698925,Cool
191.0723348369397,156.40081803088427,129.2525914606643,Neutral
84.9313393873109,41.70780795490049,32.34841102411605,Neutral
124.4050447989224,80.3587511590359,67.91217025615978,Cool
75.97625143783662,41.31702935391285,20.0,Neutral
138.07648468612376,111.29187416543448,59.59885735520948,Neutral
95.9936917901113,63.74585977328153,34.373643444207374,Neutral
128.05296155599947,80.44955743382644,55.98164720938264,Warm
148.57895415947945,105.64584308915548,77.51953454982402,Warm
148.67472310296074,87.22096683913074,66.09022212830885,Neutral
99.37255579928885,68.08659440080707,35.62483734883498,Neutral
200.55950986358303,190.67500591505265,178.15615413617925,Neutral
184.66169041021848,128.99399035688896,145.66832395152164,Cool
174.03831440249274,156.75024323787903,152.44309987259382,Cool
137.3640599367373,102.1013590583056,73.74357138550866,Neutral
201.57945241107677,160.86700811514729,130.89863707388503,Cool
233.5809625140037,178.14164978766,181.9673017004841,Cool
141.1305493277625,104.10457438755864,81.51747216386173,Cool
97.27492394046634,41.64410396848033,35.11087868511408,Warm
130.0277232800376,144.9344116618623,116.54781410165046,Cool
136.01219429179173,90.5299004044572,79.48695890757331,Cool
84.22903254812049,39.51247642009116,24.01760062270162,Warm
101.47971285330952,56.91456209906978,37.51109209201125,Neutral
92.91708152681922,68.25872214324734,79.271671369377,Cool
213.71482764115672,143.12504792958453,138.73457994755393,Cool
227.0995907692338,171.08075712678152,174.79904121981724,Neutral
163.18929910199867,109.50939988697652,63.48182531311884,Warm
207.62674097282647,158.45373130351368,158.36781125333752,Neutral
230.69139212947476,192.6804255780148,148.70214821621852,Neutral
54.52797763117658,40.38157855445856,32.707777804531986,Cool
202.73470094380772,148.49986178443092,141.87270281541112,Neutral
150.32741026804356,96.84085262208689,68.21974685389341,Neutral
130.11072200883194,95.19256431513628,71.0412125028664,Neutral
151.13363990183566,118.11666251644496,107.42430081175152,Cool
236.4821956907886,202.15679248016323,188.92738696409225,Cool
211.34130359748585,188.4181380260717,154.0076766961824,Warm
195.42926022157823,139.46215087102323,128.33017502741572,Neutral
166.68322044389248,144.93719815672125,130.19608682540343,Neutral
220.25568304983327,172.36022559831747,177.30660138895908,Cool
102.96099149547705,47.04989065104742,66.21068326908572,Cool
177.39178908994458,126.41891774433168,92.93036576257091,Neutral
129.48122210980165,88.35575865565332,53.095976767512624,Warm
67.93872333385548,53.76111355422337,20.0,Warm
170.0760856758267,101.95183507516388,80.16086836693475,Warm
124.24602656151728,72.23427085910441,58.309970116858494,Neutral
76.7374654322892,44.7137992436309,20.0,Warm
92.65627355176012,41.3800263883065,42.13310403044516,Cool
194.72777669609223,155.27656635121204,141.0686464660102,Cool
195.73263662023209,178.96126748122802,181.50579234496288,Cool
230.14992942473225,200.19206391618383,163.83443006471492,Warm
153.61059448625724,130.87387164441154,93.05310481253042,Neutral
137.04274203794816,59.12768184182775,46.90243971940055,Warm
181.21257542317508,159.89204726461966,106.88671945407438,Warm
165.39937897936312,157.09497115868643,128.63891391834136,Cool
224.4890891049107,174.45881303566918,110.80015593961656,Warm
161.2573042529352,151.82290874677898,119.86349535569911,Cool
82.84850355342954,50.55463753624564,20.0,Warm
136.2502750609971,76.38273399744504,50.803543026831264,Warm
72.6867124848167,61.42516237043388,51.741365307236784,Cool
155.8413579047986,116.16867991594331,62.08948851526781,Warm
69.85072646328926,57.08539734990996,21.9524576477075,Warm
133.60818149130412,67.1442903277816,47.00419040505006,Warm
144.8506748685154,128.83107994611188,115.57699965142729,Cool
112.40464232017064,80.66838878873378,41.79468122837003,Warm
85.33779892269044,50.22071417218061,59.47431492418736,Cool
146.9097456130825,124.1923146778678,101.4356765255034,Cool
209.462171596855,181.39146684043124,150.17490683264683,Warm
122.8252275854396,84.83532232502674,47.56796414493928,Warm
162.9433710731662,110.17419768498084,67.29753193807545,Warm
150.32741026804356,96.84085262208689,68.21974685389341,Neutral
221.56329425767464,195.613586719049,149.90718489490064,Warm
214.0421129248161,158.9013558937953,109.73100676045668,Warm
165.8855962002788,139.6018559803187,131.57315839539217,Cool
105.54406796610698,49.53623630406715,41.72369622675637,Neutral
154.08133785392909,135.90211678211438,76.1364332897018,Warm
210.56400879045665,193.08827196871923,172.55878605891982,Cool
71.14779633913665,42.152853086528495,20.0,Neutral
236.51785121966236,187.8124951612821,153.33111630643236,Warm
171.1114516984189,110.7292680262311,93.4398595629478,Neutral
75.57339948994505,54.983835509316464,48.1088802464813,Cool
59.268735950157335,66.15957776414075,57.06728206001712,Cool
150.42846083441444,129.41764411860674,93.86212110314796,Neutral
154.51921071275297,118.04463513267255,92.61621818012412,Neutral
98.32469166828956,82.41561887782188,65.4471257033751,Cool
140.7999959731568,88.14921044355431,99.2533386916461,Cool
199.65484361901804,142.7087693168506,112.12033101150324,Warm
136.0394844795281,67.32105855416867,57.98609431167147,Neutral
131.30275024220856,93.53603982813344,77.39247500851249,Cool
91.5500807491058,75.4599528304161,35.26758537645411,Warm
242.52213533538003,175.78497181396477,143.94796649678284,Warm
204.123828076816,184.827187662357,167.06424318144605,Cool
186.07899785028303,133.83252580960612,144.84652571845973,Cool
140.26167632035205,101.6767567898167,49.0641934660721,Warm
103.9112595108235,56.476700083988405,21.448433204413337,Warm
127.59066632564348,92.70684055385703,64.95863829238668,Neutral
120.02557393840657,76.29012777217311,54.89141763858519,Warm
191.8501957558953,157.5768885420272,161.09323569030525,Cool
212.64730574733852,195.7789986833098,159.5991743675492,Warm
154.57010304000855,108.91678519161118,70.83391388635158,Warm
153.99545967838984,99.9052856359107,74.61588089075704,Neutral
195.81918513125424,202.1265610293235,188.20871770113573,Cool
62.19703403687826,37.91851916321272,32.8666192863706,Neutral
94.05719734080223,68.70321486478026,30.67302967956611,Warm
150.86979141560153,100.92124216999017,48.72822351596008,Warm
195.7728855072929,166.4822100876537,131.6669650413877,Warm
140.84805724552618,87.46253765927413,76.13043800101767,Cool
123.70411741414632,45.52074458648714,45.905285580789005,Neutral
91.13380659767584,46.88362997323088,31.914650197267324,Neutral
155.84071894540034,128.85800552681056,103.71524936000252,Cool
149.80120812052374,113.53966187548106,77.95852454819337,Warm
125.30835907949286,91.0142642084538,77.99002814979737,Neutral
153.02198889460462,96.55250601525886,51.79595476075967,Warm
213.95209805517797,186.4663652843988,184.2756190230793,Cool
84.40930205959754,63.047527807124496,54.60380732481008,Cool
102.30924232433988,71.97563053822074,81.48365103657399,Cool
148.56152554933385,102.35834472711636,70.99614243169064,Neutral
148.07781832222025,109.818163383679,87.68539479938585,Warm
103.8969129585756,43.6279067777795,65.85103688080818,Cool
175.0827136671804,128.7552742232215,80.4707615456908,Neutral
182.22632704648592,138.25333063643177,142.4442536479584,Neutral
216.7643996001859,188.00028655742136,151.65388945740656,Neutral
113.9545309250084,96.93662962828938,45.924177808769386,Warm
87.36449603604366,64.54673573215875,20.0,Warm
76.20209733643232,45.28260795083544,52.38435192240849,Neutral
63.6192100107868,67.25295044592997,55.81009436409951,Cool
217.4486021774895,155.070111642373,125.16368866481254,Warm
90.80333583866609,53.25721146298952,52.08050091164712,Neutral
145.81572213574043,99.60336280267389,41.70854702859982,Warm
107.7440107817984,78.72645259759784,73.68276306124423,Cool
135.64980535423413,77.71398485008297,55.5525241895396,Neutral
147.15758664108472,117.1816680542339,85.39801135615798,Neutral
136.92227935104424,121.4104730607492,127.12579107898412,Cool
94.11622886222588,34.32430409676866,34.337664914798566,Neutral
158.15884007362004,125.94592029102576,76.14571337244035,Neutral
175.49234866220962,117.82334045748364,84.42935456091124,Warm
148.80060799098786,140.2269871465703,91.04753156418955,Neutral
172.2883796658681,146.00165615641046,114.07438694316298,Neutral
165.28194606514273,154.34655010886914,144.06584484160905,Neutral
99.82187613925424,46.58899098214589,32.20918735296661,Neutral
127.362650853283,107.52811324519732,71.53365752406262,Neutral
142.37678515803793,142.6561174955835,109.28413500368288,Cool
146.6030449164044,114.26743084950138,61.58208830234145,Warm
173.5822639413773,131.01669489997363,123.90411988009096,Cool
117.02846641027448,92.66434814888906,63.04543653134512,Warm
194.928830930231,155.5028207119409,152.77091869523312,Cool
133.2218473572396,69.7434769559068,32.58670312351492,Warm
158.15884007362004,125.94592029102576,76.14571337244035,Neutral
80.29865024559524,51.83649170845487,41.09735527017237,Neutral
179.3078897671016,148.71740942861572,141.2722101400349,Cool
75.52679203680171,52.12704058178279,27.78310072775398,Warm
108.97665403710091,57.88474356980931,48.12168123860498,Neutral
161.5255778169463,120.0899207094138,82.92616024082248,Warm
155.9331419361729,88.74504772891466,48.3203293445896,Neutral
91.13380659767584,46.88362997323088,31.914650197267324,Neutral
102.58127276577927,116.4202328762315,90.39729698698052,Cool
67.42906547954908,45.57541736545208,38.90127947389797,Cool
128.3434350966216,92.55833062177052,84.27021900052763,Cool
166.46456371793198,142.67126552386708,139.44247862807356,Cool
169.6998803686923,120.7103014528956,94.60908614973434,Neutral
177.70257299522422,118.94715285422076,83.65369360447522,Neutral
172.57264136890365,140.9111943496804,132.2304847667786,Cool
136.23511800589674,102.87056397670165,84.02573965672005,Cool
149.80120812052374,113.53966187548106,77.95852454819337,Warm
167.34354675780875,134.58925857074524,71.4268638563295,Warm
60.23644726080285,48.63107475260623,39.54014497197476,Neutral
147.61652770508005,94.17556511169282,74.00322497110392,Neutral
201.6643227421029,165.341428957695,162.01109344294278,Cool
136.28055166843143,98.0659455548504,65.09989640701038,Neutral
117.49251072318324,91.61780804893728,45.63891416114525,Warm
229.19372967618887,194.07011296033264,193.06622244123884,Cool
154.01366643339736,64.99314779604424,52.58284256317369,Warm
66.36489047313229,49.873118277513385,43.773044156405255,Cool
143.12977250545006,130.36603701759853,105.77173452287252,Cool
226.551360412382,205.9031760053347,179.21979243348926,Neutral
206.1916384211279,206.22353937395224,157.98041749760128,Neutral
154.51921071275297,118.04463513267255,92.61621818012412,Neutral
189.6838541611024,157.57117215065264,139.51303697069105,Neutral
144.12076436237913,86.71345016951024,63.81867286986207,Neutral
220.82331333905915,172.62366809769014,182.5524859049393,Cool
90.83524924706816,64.48211120498291,20.0,Warm
124.1437611812568,112.68005436368166,88.13448707674456,Cool
80.86652278758955,59.38295449564695,20.0,Warm
170.63173301138673,117.2362716093758,90.45551446582736,Neutral
78.74856595113329,48.7553976505772,71.079203160432,Cool
81.77163418887207,59.73540714758793,51.48524703677327,Cool
148.6048002562756,137.89522711253724,127.62985957752824,Cool
212.08949689602528,160.73699979908682,170.85293498958768,Cool
215.01571287784375,178.38935457015407,148.23702229269247,Warm
186.4519552270475,145.50129601048343,117.89990579252589,Warm
181.621481422417,152.86022327295578,135.68032199103237,Cool
77.74662404828462,38.82893608298805,42.0810449603575,Neutral
110.06272257165628,78.72030192626893,73.69584505079088,Cool
67.42906547954908,45.57541736545208,38.90127947389797,Cool
119.14911604986575,84.48252744604521,70.18134296680178,Neutral
148.56152554933385,102.35834472711636,70.99614243169064,Neutral
152.31427601728237,95.7866151137728,63.65364560303173,Neutral
245.11801970716715,201.99223294673263,158.9356348360763,Warm
210.2157669620364,176.42316933595836,167.40420531264144,Neutral
79.71313196664028,73.54085148017838,62.7321910404109,Cool
90.83524924706816,64.48211120498291,20.0,Warm
140.51676988444768,92.31372767762596,46.525720577958026,Warm
78.50800614981318,48.11606629599487,26.81870020311592,Warm
181.9358038305205,129.05137467108003,122.0880081974094,Cool
186.86966509579,140.00194417167023,140.12559796640952,Neutral
177.63924677129478,116.83031780888722,86.19667500269429,Warm
102.92502893012995,74.83515700736444,20.0,Warm
85.20100850886091,89.34253647929395,72.88297270329551,Cool
207.1722381030009,192.4773699899523,154.20936701668927,Warm
109.58334811178308,73.11198471973398,82.23790723148984,Cool
160.61938931298255,158.6761441187958,141.7181553875266,Cool
217.99957432860717,177.83267107226314,163.85556895288883,Cool
104.12060881780366,72.4655790758018,52.7057711422542,Neutral
223.97271158257624,173.4992304526608,169.7503795316825,Cool
74.24500574046994,50.95512092813734,45.33660741658728,Cool
178.90954884448846,147.6670088478908,135.81337388100783,Cool
152.56027958858337,87.33980433100163,42.719994291011325,Warm
65.55607314409538,55.21246339412238,46.40135454616495,Cool
127.757916905806,74.32325130825768,56.19380508096752,Neutral
151.71187939779009,125.35593170449108,57.26277646303201,Warm
132.53590971317973,83.86110496576211,76.48722446021418,Neutral
78.56423911855823,34.32158153133369,39.97375032608774,Neutral
87.73460614553642,72.41086653653919,20.0,Warm
225.76172084069933,166.15847134067872,138.66586536292223,Warm
98.08769394325256,54.68470651991608,47.63622509306187,Cool
212.91151583243817,188.40853403877568,156.47156960109243,Warm
102.75567230867998,73.80424151750204,40.71725000820628,Neutral
221.53474418858707,207.39637673592247,160.5785448900152,Cool
158.15884007362004,125.94592029102576,76.14571337244035,Neutral
79.94079281949915,59.23356533417864,20.0,Neutral
225.9551090260296,186.58159011536543,189.38907386136705,Cool
191.4113217922403,111.29383215951404,97.72017978732602,Neutral
146.47165463531448,82.09587137822379,52.66241949301757,Warm
212.7121709411631,188.3467628788861,180.7429171663217,Cool
172.851328413714,155.3177746163177,155.49356538140418,Cool
107.77092502013257,85.79122923976753,99.7871500031731,Cool
210.7258168325291,184.4097177987866,164.29150483683574,Neutral
163.5799884293866,145.9528004753758,129.63850992653738,Cool
83.2302294659319,34.53912435517745,20.0,Warm
194.0365840205224,128.9276352088648,151.61361891463486,Cool
172.2883796658681,146.00165615641046,114.07438694316298,Neutral
129.35131973597055,85.5808248154775,65.43299505748047,Neutral
143.95486914477772,56.36593895567261,50.335493343776776,Neutral
110.18639843242084,54.45335507679999,50.04383341650525,Neutral
131.6909101138978,65.55452811243674,48.57917023101361,Warm
148.67472310296074,87.22096683913074,66.09022212830885,Neutral
76.7374654322892,44.7137992436309,20.0,Warm
119.75909214463567,75.48425012032376,63.23912769549432,Cool
92.18087738755406,55.98494403888747,24.363440453007502,Neutral
212.22852431890115,171.1261103540495,121.87738987896996,Warm
171.1114516984189,110.7292680262311,93.4398595629478,Neutral
170.9332292298553,148.66285962123968,115.5686948103908,Warm
211.34130359748585,188.4181380260717,154.0076766961824,Warm
175.81205509675252,127.69740792312597,89.97045211409463,Warm
174.0990309632384,157.64284281628792,130.09999737256337,Cool
104.7864651158978,59.78180793606727,32.163559751538486,Warm
213.8877923318236,182.68696603766412,172.8845304929087,Neutral
61.49786215817298,37.95269342089524,55.77160123120158,Cool
177.68424912677972,118.45272838427896,116.97029305154123,Cool
168.49416024419014,137.33996360613324,98.20438036683638,Neutral
102.75567230867998,73.80424151750204,40.71725000820628,Neutral
179.64470475274894,115.54031090288258,89.61617011509729,Warm
102.58838456663143,59.54726711858285,30.396755824516443,Warm
180.31411913773488,149.07434882763388,125.59147306386454,Neutral
182.22632704648592,138.25333063643177,142.4442536479584,Neutral
100.59624595494267,76.65067971721969,35.49267810713904,Warm
148.80060799098786,140.2269871465703,91.04753156418955,Neutral
145.81572213574043,99.60336280267389,41.70854702859982,Warm
169.61270224941364,119.92977570778744,87.52134461791698,Warm
216.91794148794432,188.65425441442417,136.49887591387008,Neutral
93.37476676515088,62.50880482299634,54.546923945548926,Cool
155.9331419361729,88.74504772891466,48.3203293445896,Neutral
164.35607382444297,118.81431506597748,106.28768449185162,Cool
186.9015197669815,146.26712425619982,150.58435668107748,Neutral
223.28347357860304,191.35246129490525,160.1584192745095,Neutral
126.21571611185502,101.87118713288136,84.04416553759137,Cool
81.6809697197478,54.927127073852304,33.42705134424503,Neutral
203.2485567635161,177.52369088897274,164.46588585288418,Neutral
80.51150272144947,52.81854873961501,31.15308688200425,Warm
80.51031378202768,64.05973629719612,53.93788382685875,Cool
222.78603867551507,179.00246603675464,147.86630931093583,Warm
196.7004552842945,193.5664323513288,172.10910334897235,Cool
130.0277232800376,144.9344116618623,116.54781410165046,Cool
180.8726072672609,125.20053999939712,88.63952269301448,Warm
240.17390015547252,186.11893447490647,195.0124536334191,Cool
159.001779158788,127.41733539696529,100.9164545323614,Cool
132.66567578593333,106.96807927081232,85.01610343179742,Warm
132.3600784623713,81.94183604802573,49.09163922649337,Warm
189.9115734059557,151.69670278887645,121.26493881657572,Neutral
121.11274147223484,68.14392497094043,72.02924565913591,Cool
191.34687884572,153.57579157362557,135.94201119019547,Neutral
166.9512642178671,103.47033494526096,53.20767848728715,Warm
207.62674097282647,158.45373130351368,158.36781125333752,Neutral
211.95015683953207,169.0602674702831,137.9568318543677,Neutral
187.26888670432567,136.3923879571017,87.02808497245786,Warm
99.61641102405056,47.594506050961655,36.78548875483887,Neutral
170.9332292298553,148.66285962123968,115.5686948103908,Warm
113.00387951828556,81.45688917207393,67.2679394884251,Cool
196.67290328587785,151.91442276304764,110.97056045184328,Warm
165.95344849706544,118.95639568342048,73.05948832710135,Warm
161.61270464135367,124.22845030466874,105.5078456771688,Cool
182.22632704648592,138.25333063643177,142.4442536479584,Neutral
177.68424912677972,118.45272838427896,116.97029305154123,Cool
141.3090276053989,63.87896574688628,79.02000300436548,Neutral
104.08542042409334,65.38198889250218,20.0,Warm
127.757916905806,74.32325130825768,56.19380508096752,Neutral
163.35089864720274,129.78287402455848,76.57058137135049,Warm
106.01449992537056,61.27551742206977,20.0,Warm
110.22695410260468,85.53306337836028,77.32653692800478,Cool
148.56152554933385,102.35834472711636,70.99614243169064,Neutral
120.41984730264588,81.99656003573058,48.30377033042883,Warm
132.4591066556376,97.95945909786391,76.23585284070762,Neutral
157.66024136656256,120.15819588137312,84.051538867831,Warm
125.30835907949286,91.0142642084538,77.99002814979737,Neutral
184.66169041021848,128.99399035688896,145.66832395152164,Cool
92.02267590022343,93.2894513357126,77.9653776081618,Cool
220.82331333905915,172.62366809769014,182.5524859049393,Cool
181.33620515277727,143.80276164447835,153.06941538274162,Cool
88.18586689133363,65.46253239923466,33.00941249088289,Neutral
184.9715105001862,154.54015089272,145.8017068023734,Cool
101.45488653612452,40.20296387336357,41.179936382160086,Neutral
182.9753707302225,146.47292857684693,146.905177320946,Cool
217.56043767239225,165.46827522162758,160.3407134977288,Neutral
72.17151948905358,38.6450872588301,36.72514704601973,Cool
158.15884007362004,125.94592029102576,76.14571337244035,Neutral
205.7806748029957,174.57673896789038,142.3784596568447,Warm
84.93207752445313,67.26134763251724,29.337695743859424,Neutral
112.40464232017064,80.66838878873378,41.79468122837003,Warm
98.58779131056816,61.30207099180009,54.667563629875445,Cool
154.81567870022894,113.00476905341748,69.86843670063226,Neutral
62.698144747108245,59.884344525183685,54.74500611060706,Cool
67.42906547954908,45.57541736545208,38.90127947389797,Cool
65.18801825437139,31.07181296142905,58.29146749753244,Cool
132.3600784623713,81.94183604802573,49.09163922649337,Warm
87.4642681870175,46.623417623974674,52.18576076724968,Cool
87.62491161221948,55.57625281438584,20.0,Warm
85.20100850886091,89.34253647929395,72.88297270329551,Cool
136.0394844795281,67.32105855416867,57.98609431167147,Neutral
107.50969379222975,93.43754498865364,57.747187474611934,Neutral
169.38428424010849,121.20307956918737,92.7717617856785,Warm
166.2523062214134,139.23417669085637,74.2121051060529,Neutral
224.6067743377263,189.81750094979444,162.1054800976079,Neutral
119.8901959035979,93.29754550336588,64.50963687773564,Neutral
212.91151583243817,188.40853403877568,156.47156960109243,Warm
137.7143076381728,104.47474753027976,85.27330281604364,Cool
236.4821956907886,202.15679248016323,188.92738696409225,Cool
125.150942028222,87.09364008857749,34.58084904527686,Warm
102.75567230867998,73.80424151750204,40.71725000820628,Neutral
218.39412442580752,170.1511252696042,136.856295176061,Warm
126.21571611185502,101.87118713288136,84.04416553759137,Cool
113.57709244603276,64.0311995704296,44.04477075497776,Neutral
146.60414121685866,104.83128534763944,76.45005042297521,Neutral
125.5404108562002,84.59224562795588,29.870630028587875,Warm
137.1166112503492,97.53350482056288,109.19319838704364,Cool
109.26877248000184,63.36716618529029,38.495001431787,Warm
74.75347769333595,45.07099276377093,23.397568018352388,Warm
156.21124150082184,122.24492414369134,93.49022427943709,Warm
190.84346466463091,153.86645191519813,158.91127331431343,Cool
157.6923312758279,119.6499442360526,104.36688664028848,Cool
198.05085463832083,174.30929794770745,171.97951808386415,Neutral
179.55625096736782,124.6625584558805,86.23671495907695,Warm
82.54876614631242,34.583979724745404,53.17815004266492,Cool
120.32519488914993,48.65546461183569,30.3618894325734,Warm
154.7434820848193,123.78506195420889,107.3114166831904,Cool
167.24838538513717,131.69033445668217,81.25680068147022,Neutral
217.8130510255095,198.3859495524621,162.59642861804787,Warm
76.72098966216628,25.0,22.419939686672635,Warm
127.757916905806,74.32325130825768,56.19380508096752,Neutral
73.88109353652266,39.09661333939568,20.0,Warm
190.6550876583536,124.9879070024228,75.2026379214336,Neutral
174.43240967843374,110.39266618296172,87.88243334091891,Warm
76.2709765431075,67.43385781924889,37.57898705316359,Neutral
187.2754938733045,133.5454699577025,148.68261591795235,Cool
109.34894307226168,72.31362737225714,32.451302957327286,Warm
97.59777168091976,79.34878361384465,33.176375343996895,Warm
185.2861641732868,171.48303265220855,137.9953692277675,Cool
215.4702321665348,166.85976608654272,157.74579334986754,Cool
171.31399356169243,160.95708152949402,134.92740807768914,Neutral
119.8901959035979,93.29754550336588,64.50963687773564,Neutral
189.9115734059557,151.69670278887645,121.26493881657572,Neutral
165.52016375358878,129.4032424249936,87.2880523852262,Warm
74.47017078185323,47.38103464555724,60.41509253944984,Cool
113.28970135175432,76.8725691244665,65.58212329874294,Cool
108.97665403710091,57.88474356980931,48.12168123860498,Neutral
191.92015060320296,163.101315571079,134.2577067192131,Warm
224.4890891049107,174.45881303566918,110.80015593961656,Warm
225.0346177796388,186.5572563927654,161.5937259460012,Neutral
161.25394030246682,102.63282622417374,54.50298454031967,Warm
161.61270464135367,124.22845030466874,105.5078456771688,Cool
172.32595930935028,154.91430752075058,132.50917473081188,Cool
205.25622876162677,146.35771367670003,117.0197300050305,Warm
136.56995103405208,90.67103651890406,65.14679204838275,Warm
77.51086115963828,40.11863609553495,25.99434962745755,Warm
144.9538998787573,112.23500385168056,108.07351201583896,Cool
158.37407798772176,102.46638216875988,63.167413184910686,Warm
101.75188369975072,38.47999610845695,20.0,Warm
203.6982560586744,173.3587485791744,130.34053819646562,Neutral
182.1382182338062,136.40896432913354,90.2967619219464,Neutral
153.14467089656108,97.16009434114586,64.83189940982372,Warm
158.77973208542505,122.92872959207436,73.90075587467169,Warm
137.7143076381728,104.47474753027976,85.27330281604364,Cool
91.85980145390629,65.53602592905727,28.628496357020865,Warm
213.136768814608,167.082149161302,174.83306344280138,Cool
147.9086103359545,120.9479221525246,88.98168727894641,Neutral
71.86557093242972,49.38944408775164,54.75705132230247,Cool
199.65785816108985,192.314387423028,168.31535623593354,Neutral
76.20209733643232,45.28260795083544,52.38435192240849,Neutral
132.4101325886949,93.246639913057,71.64953846684408,Neutral
146.9097456130825,124.1923146778678,101.4356765255034,Cool
149.50301837998248,118.30483141299644,80.35486252290382,Warm
69.84605517638362,57.65962234814038,20.0,Neutral
171.13290879461445,142.78318831927308,68.34998229026519,Warm
129.75674854000985,102.8604655840897,85.54080713680933,Cool
159.84895990578642,128.46962574008063,102.62923507519646,Neutral
104.7741598195131,42.68673522425734,23.558862600240627,Neutral
68.77270327178806,51.63251917102279,35.2187174204995,Warm
198.0468093932916,155.05088288436744,125.84517459236554,Warm
208.1851214164585,172.636343231707,159.2161037834994,Neutral
179.1873469113044,157.2390137797688,130.43156142334175,Neutral
184.604644334316,131.91987439019155,114.5994936625398,Neutral
230.2239077929846,201.68704806333423,181.53956346438304,Cool
92.48703443713129,59.42221579091444,32.99767447982922,Neutral
154.4600575082839,88.82286753652905,71.04918305697639,Warm
133.2218473572396,69.7434769559068,32.58670312351492,Warm
98.87264456387425,68.02321006861901,34.699034176275205,Neutral
187.30148735060584,160.49784584562835,131.94675334093245,Neutral
214.6917641199449,182.7604980887624,148.55191178491714,Warm
173.0696090908467,132.84111355682273,109.92655511251574,Neutral
206.9873431331996,185.97728964158105,155.29876897895554,Warm
210.56400879045665,193.08827196871923,172.55878605891982,Cool
79.71313196664028,73.54085148017838,62.7321910404109,Cool
169.38428424010849,121.20307956918737,92.7717617856785,Warm
188.02087278862075,141.248990346641,139.62079131438415,Neutral
186.574608186872,127.65075911809168,93.41307816785228,Warm
186.3046673817873,152.77940039605596,156.68900074115288,Cool
122.31154536120206,68.36961162392103,72.24934716148186,Cool
56.16381541680843,33.59601363892892,26.944257846022367,Cool
100.260378052719,79.58082286189588,62.63041192758199,Neutral
122.29643436152934,83.42542522463047,77.49482006076545,Neutral
117.71329612053246,71.14965344381471,41.536008369376944,Warm
180.9750752112325,129.1043719241921,76.54583809910727,Warm
202.73470094380772,148.49986178443092,141.87270281541112,Neutral
122.07766349930166,94.27906765604754,48.48560205031251,Warm
204.3907059085819,145.27031245071058,118.06527622320849,Warm
82.54876614631242,34.583979724745404,53.17815004266492,Cool
112.69401721754689,62.94120073218595,20.0,Warm
200.85565446715535,158.5117189925564,126.6737341727154,Neutral
126.53365366323784,104.21427937409048,62.80945290159949,Warm
87.9307894458066,37.63717695764172,29.423418733163928,Warm
225.27844827422547,179.694166788211,163.0913405365728,Neutral
202.10607891810537,157.07814807189635,156.54693334182463,Cool
123.55378775537504,72.52741352573759,55.211921079546784,Cool
102.26890100183464,62.91327818190905,57.8140783400917,Cool
224.29592333344303,205.1039089550236,166.31965794100574,Cool
88.8961798387462,67.06474276372514,59.71465204551958,Cool
183.56299044883332,133.45453247318068,140.14880215279112,Cool
54.52797763117658,40.38157855445856,32.707777804531986,Cool
159.42397003668796,128.66227141222083,84.21952714183647,Neutral
223.0922930862492,182.37380824120075,155.11548335869475,Neutral
88.39847774600759,66.09886803470214,26.21622616382613,Warm
113.27606753111183,115.74569921020424,90.258212045842,Cool
201.57945241107677,160.86700811514729,130.89863707388503,Cool
120.02557393840657,76.29012777217311,54.89141763858519,Warm
225.9836904265661,199.791855174116,161.1581248354735,Neutral
118.7299778141746,85.70775187296455,47.17433994857966,Warm
141.3090276053989,63.87896574688628,79.02000300436548,Neutral
102.26890100183464,62.91327818190905,57.8140783400917,Cool
140.07041626182715,95.46102177626352,82.74512144635966,Cool
127.757916905806,74.32325130825768,56.19380508096752,Neutral
166.43416603337548,136.33624235759416,85.14729632244449,Warm
196.1452684618528,131.68714283692893,124.96915701767789,Neutral
160.0419149923588,117.8477559512944,85.65393297661555,Neutral
168.3085526981328,120.24370645423254,73.97480302577969,Neutral
149.04033501344526,70.11680939323728,66.9620655950872,Neutral
135.51880319569324,95.23139652038668,76.2258014910894,Cool
145.80780164710134,112.35982442094092,97.96804829328217,Neutral
195.1318261623303,167.49270349916964,119.72679366503571,Neutral
106.33167569359138,65.57694468724084,35.10451617697236,Warm
65.18801825437139,31.07181296142905,58.29146749753244,Cool
121.9337266858498,82.59937768246654,60.291057234271904,Neutral
76.54652294424208,42.63781082689018,20.0,Warm
133.28336474896764,116.76793649957496,92.52684748736262,Cool
218.08485593972352,207.41684106379265,186.7413440899727,Neutral
154.7434820848193,123.78506195420889,107.3114166831904,Cool
197.2484881573723,142.7978219950075,110.68864453546796,Warm
195.1318261623303,167.49270349916964,119.72679366503571,Neutral
182.920449901484,148.69760466874243,80.21291896343126,Warm
141.1305493277625,104.10457438755864,81.51747216386173,Cool
109.26877248000184,63.36716618529029,38.495001431787,Warm
88.86149642858194,25.0,72.59468920432478,Cool
84.97543653382355,55.36514736292772,20.0,Warm
102.26000686200726,57.89408144880901,35.88037337097256,Neutral
149.69707979504372,108.0203863905856,65.42907584605823,Warm
142.93927072453363,107.48589642727649,65.34883939209149,Neutral
221.44095275592792,195.0117342741902,157.71949191383985,Neutral
181.51916052333232,141.69625214649324,132.61005346262164,Cool
194.61430074442032,159.27149834871508,129.01600584759854,Cool
82.3054848256295,70.00821772210452,20.0,Warm
156.89538120382025,107.81892370390986,46.25374595923885,Warm
169.38428424010849,121.20307956918737,92.7717617856785,Warm
193.07088220125067,157.03887992715283,107.91029416724716,Warm
97.96665732465064,59.41028244231698,54.38060802955034,Cool
146.60414121685866,104.83128534763944,76.45005042297521,Neutral
82.79169403727204,68.5153074598513,29.652610830261292,Neutral
96.851462431478,58.17110092416925,38.9768363900754,Warm
166.43416603337548,136.33624235759416,85.14729632244449,Warm
159.30555300687504,119.77680153613473,68.86730385452499,Warm
185.2861641732868,171.48303265220855,137.9953692277675,Cool
128.06194096313789,78.08349912739072,60.60183684745114,Warm
185.2861641732868,171.48303265220855,137.9953692277675,Cool
91.85980145390629,65.53602592905727,28.628496357020865,Warm
86.74578003259926,44.34500622665145,20.0,Warm
86.74578003259926,44.34500622665145,20.0,Warm
152.09303493481536,120.16918321058004,86.19015722875537,Neutral
128.814056387493,95.74204707571764,87.27286494102096,Cool
195.6231001735812,179.2370136295191,150.42964064122614,Neutral
146.62017464272995,101.0754411843956,78.31642940705113,Cool
105.9031624162757,60.08543365597281,41.73041446164488,Neutral
140.07041626182715,95.46102177626352,82.74512144635966,Cool
73.68892919792829,45.88580795301301,35.32508204292314,Cool
135.23004441143073,113.13991832096168,68.38320701803615,Warm
193.8640222936077,153.84275084822977,122.28341541820863,Neutral
153.40075541652715,125.61845756940406,82.52732287857187,Warm
54.56318367425912,25.0,31.869259496099243,Neutral
143.46358126099892,105.03322696623565,92.47127341331252,Cool
145.06898911118407,105.56623292943785,72.91384622715803,Warm
215.4702321665348,166.85976608654272,157.74579334986754,Cool
83.7252470977669,44.1697481564668,37.76720407910285,Warm
206.587577736154,180.93646132588697,150.084284118889,Warm
84.97543653382355,55.36514736292772,20.0,Warm
132.09592835458577,83.75438205608077,56.85598429972126,Warm
130.11072200883194,95.19256431513628,71.0412125028664,Neutral
107.0837331346636,54.85950733097267,23.1720354788064,Neutral
179.55625096736782,124.6625584558805,86.23671495907695,Warm
216.42382073069672,165.85904976527476,161.82219784714437,Cool
206.86263890958375,162.434770221605,138.8787879821463,Cool
132.53590971317973,83.86110496576211,76.48722446021418,Neutral
181.3569290230748,134.7149511404602,132.2825819524332,Neutral
208.69929197122536,185.92637924373253,168.0857558925298,Cool
166.49946700968138,118.41093224658316,121.45657351007137,Neutral
180.75515488350757,151.0767850062569,112.40299666838648,Warm
166.2523062214134,139.23417669085637,74.2121051060529,Neutral
208.32081314831152,174.14754577718637,185.2809653921205,Cool
124.69076227412016,104.93502018163991,68.0569069348717,Neutral
114.29860975180172,78.33115042771674,60.40009092917925,Neutral
109.18239520597317,65.94846588543851,38.65628767894104,Warm
119.72469999177277,67.82151725296647,42.8150764618729,Warm
233.5324406552043,196.19992501226375,156.8807113473721,Neutral
167.29149339233933,150.8144052750395,93.04895873027594,Neutral
91.15093000621104,62.83582603002383,66.39107917586824,Cool
146.62017464272995,101.0754411843956,78.31642940705113,Cool
226.39036078033865,210.16899780501564,179.75399539085802,Cool
200.00345325596743,170.75085356769026,169.2677279971058,Neutral
98.41679798621406,31.091187805891398,21.41278842346488,Warm
190.6550876583536,124.9879070024228,75.2026379214336,Neutral
204.95122131407047,173.58047619625367,132.89852757183684,Warm
167.87502291194576,159.93978702838686,150.3394502343474,Cool
159.66883485302318,111.81905692306152,91.55300742973924,Warm
126.772873584302,53.2358431661292,42.11006530899086,Warm
192.95533891972667,138.94530839124997,158.29627212102105,Cool
191.3908249818392,137.99665196166703,131.67787927724797,Neutral
214.59139064412471,190.0463069226552,182.00944581618265,Cool
72.33906445812055,36.71750549358245,20.0,Warm
185.2861641732868,171.48303265220855,137.9953692277675,Cool
119.6248863830827,70.84174482216889,28.172506869223184,Warm
80.86652278758955,59.38295449564695,20.0,Warm
99.37255579928885,68.08659440080707,35.62483734883498,Neutral
130.51147027694446,115.23725081788092,90.9394548667379,Cool
69.29635278455564,27.486257871336083,30.6079681388408,Neutral
178.48335001106463,151.58506479052318,118.72671016905043,Warm
149.1746663418274,98.2329192883594,78.6596947182399,Warm
199.65785816108985,192.314387423028,168.31535623593354,Neutral
79.97694571063012,56.09707633240481,37.580827060524,Warm
144.10404148905226,85.00743817242119,68.77187744438365,Warm
110.14293219498356,97.3969599858192,76.3479938638438,Cool
108.15664710810528,53.23517005243028,42.496819808341975,Neutral
149.62516493585497,90.32220490096768,71.69946455432513,Neutral
110.85092003203847,60.126221804195,30.148911861428417,Warm
57.65300624159049,57.56023555192934,28.30851496153073,Neutral
89.88093085795761,72.4313557711984,54.50735478753491,Cool
170.69156768617913,128.4903602747589,85.39182959359593,Warm
129.95031355737535,73.55900630943296,77.6431912650252,Cool
143.71233927679822,83.28985102679135,43.49507198537065,Warm
63.6941511396856,32.62278344214268,29.555162304747167,Warm
150.96898147458097,126.8961580343174,104.30453068670543,Cool
94.05719734080223,68.70321486478026,30.67302967956611,Warm
211.72737564596383,160.30076110833787,186.00540917340297,Cool
154.7434820848193,123.78506195420889,107.3114166831904,Cool
210.8994681525796,154.52008938879297,126.86283646012636,Warm
206.67483178702628,179.90753207954054,148.37907596119655,Warm
134.66095477851394,107.08086384015785,98.81561800428784,Cool
97.27492394046634,41.64410396848033,35.11087868511408,Warm
103.60857450181274,48.04890906709092,33.04368464639738,Warm
180.6074116933265,163.07375876998375,124.76367540242512,Neutral
73.04966018570121,31.49252791720981,23.56721654784219,Warm
177.63924677129478,116.83031780888722,86.19667500269429,Warm
59.268735950157335,66.15957776414075,57.06728206001712,Cool
226.45738524404712,199.4438995603816,153.424042071651,Warm
102.75265193790952,60.63820799667019,20.0,Warm
98.14388963955304,67.82715055425669,80.77870454899009,Cool
174.41078202170306,173.64575074028545,132.3974058561996,Cool
213.06034013340548,202.7165405098761,167.3860222643732,Cool
225.9551090260296,186.58159011536543,189.38907386136705,Cool
196.88679412123432,155.74245163490386,141.92094430428028,Neutral
110.06272257165628,78.72030192626893,73.69584505079088,Cool
199.9718722317104,180.81494352170168,157.63677049086107,Neutral
87.35545224883079,49.76945867403796,54.59606006119574,Cool
79.2089419546171,30.322240876021574,25.01655911544877,Warm
178.48335001106463,151.58506479052318,118.72671016905043,Warm
177.39178908994458,126.41891774433168,92.93036576257091,Neutral
150.92121793927726,95.06618481269513,57.96952481986033,Warm
120.02557393840657,76.29012777217311,54.89141763858519,Warm
158.18929922004045,129.55346176302615,97.0410452243314,Neutral
186.99660656182036,172.6747440463241,144.16006269901945,Warm
186.574608186872,127.65075911809168,93.41307816785228,Warm
120.51441538751524,77.96595428475447,50.00896152864212,Neutral
222.6325900163663,180.56198590699563,145.62762845210548,Warm
178.63479854426657,157.50606364398206,133.6289594696192,Neutral
183.2955224495512,156.5111825700224,136.67093390395314,Cool
90.23265210774616,25.0,22.75506756057629,Warm
121.11274147223484,68.14392497094043,72.02924565913591,Cool
151.8985482136854,82.87091122050282,82.64020631839051,Cool
63.70663997609783,38.09836097848169,43.15873658777705,Neutral
167.29149339233933,150.8144052750395,93.04895873027594,Neutral
123.23464160425124,101.19664568271251,83.42309347259852,Warm
105.61137791881224,65.46355869698188,41.31633910083816,Warm
91.58751011214636,77.2969708812706,33.64541549704669,Warm
158.70559132217798,100.41539069278468,60.16963928517696,Warm
75.60144495482031,49.4539840127699,56.30683927391891,Cool
88.86149642858194,25.0,72.59468920432478,Cool
126.772873584302,53.2358431661292,42.11006530899086,Warm
69.29635278455564,27.486257871336083,30.6079681388408,Neutral
74.47017078185323,47.38103464555724,60.41509253944984,Cool
62.698144747108245,59.884344525183685,54.74500611060706,Cool
199.9038046635477,179.74787458200802,148.75522484296786,Warm
83.64039043992655,66.09676943228567,23.520069872267484,Neutral
121.9337266858498,82.59937768246654,60.291057234271904,Neutral
176.8328674897667,186.13516595295852,120.7861891828092,Neutral
142.37678515803793,142.6561174955835,109.28413500368288,Cool
96.1571110923828,79.00311051005244,20.0,Warm
75.2322772514536,38.56757286263745,30.854166703195062,Neutral
115.4707184417922,82.9166291265231,63.293674150128176,Cool
150.96898147458097,126.8961580343174,104.30453068670543,Cool
185.38778367878413,150.85495000235636,147.9398344435213,Cool
146.8846316238507,128.47388846383086,116.91763232497443,Cool
54.56318367425912,25.0,31.869259496099243,Neutral
205.7472629197721,140.4273597167895,134.84026988573152,Cool
186.95244786342664,145.91968944621067,117.34637669896058,Warm
119.6248863830827,70.84174482216889,28.172506869223184,Warm
103.43480686821586,62.939893723959,36.23221999021765,Warm
136.56995103405208,90.67103651890406,65.14679204838275,Warm
92.61412559470712,57.558130577803816,20.0,Neutral
242.52213533538003,175.78497181396477,143.94796649678284,Warm
162.6420189552227,138.9334662359092,106.4250520233424,Cool
90.17110403199946,70.74552045371998,20.0,Warm
190.5006637218104,159.02896503908912,108.63927296956624,Warm
137.9099052533456,93.49281299512248,63.09203712551434,Warm
133.0040733960312,98.70002185445868,56.51066503277332,Warm
220.5126292605993,187.5810991631897,149.41006260699857,Warm
109.39852974347777,81.37197562168276,28.15428228966715,Warm
118.34791274098494,80.95150880520139,87.1708596822632,Cool
194.0365840205224,128.9276352088648,151.61361891463486,Cool
219.93853759935917,183.23481669593525,148.63048587066004,Warm
215.7985497903105,172.467822708357,139.63804217960706,Warm
149.93782712286554,114.58947354952592,102.02019867324698,Neutral
205.13124788275584,164.77340046778647,99.30798017915096,Warm
138.60520213121742,70.86177343420975,52.22956998912118,Warm
79.62511182294637,68.55547995939008,56.42940670135035,Cool
109.77610418714764,52.05748847157276,40.175341503822246,Warm
147.78247026129193,128.4330905165249,74.20528769849142,Warm
143.07961813286997,113.1455789584872,123.09182181123954,Cool
110.05488989520686,52.63561059350271,44.6536898410589,Neutral
65.55607314409538,55.21246339412238,46.40135454616495,Cool
90.55715022367168,74.0025675753023,58.37141062262676,Cool
114.36204740182094,93.46729689898022,86.55163489430504,Cool
195.14877082291105,185.5752336739589,154.91327845340143,Neutral
108.23254023758533,82.27072429002745,64.02314911159168,Cool
114.29860975180172,78.33115042771674,60.40009092917925,Neutral
138.70218217929076,83.05793744788018,71.58064751548127,Neutral
161.25394030246682,102.63282622417374,54.50298454031967,Warm
102.75265193790952,60.63820799667019,20.0,Warm
80.86652278758955,59.38295449564695,20.0,Warm
198.39470241030236,159.91022034543866,110.46455643446431,Neutral
142.230014930227,104.41326988234444,51.54372407128375,Warm
75.2322772514536,38.56757286263745,30.854166703195062,Neutral
230.79236837073455,207.17420503525477,169.76859529097086,Warm
143.07961813286997,113.1455789584872,123.09182181123954,Cool
229.19372967618887,194.07011296033264,193.06622244123884,Cool
159.84895990578642,128.46962574008063,102.62923507519646,Neutral
115.52140029221748,74.65623094147864,34.707481465717045,Warm
173.6912560346908,145.70235721913093,117.62431172076326,Neutral
149.69707979504372,108.0203863905856,65.42907584605823,Warm
68.77169002528017,55.52239806870962,20.720887961704896,Warm
145.56960196975223,109.85022692792136,104.14412692445276,Cool
160.75352437350116,112.35794574054496,85.19761909068953,Neutral
120.86011043053168,90.24544075925756,32.925117273167615,Warm
239.13956389882185,188.4659923016657,179.5542175685897,Cool
167.5752967614589,124.81064761048688,77.29404315821759,Warm
212.03591949439948,185.67426775017805,164.83480827046233,Neutral
122.31154536120206,68.36961162392103,72.24934716148186,Cool
243.847939866338,191.2979095706647,169.93605026817357,Cool
213.95209805517797,186.4663652843988,184.2756190230793,Cool
220.41325612162592,178.5625765083026,164.74511271048885,Neutral
82.40618176934416,25.0,20.0,Warm
125.150942028222,87.09364008857749,34.58084904527686,Warm
120.32519488914993,48.65546461183569,30.3618894325734,Warm
125.150942028222,87.09364008857749,34.58084904527686,Warm
115.22996021616665,81.91213295310706,45.59043013016384,Warm
177.4649263235351,122.83670297625868,98.8449962090673,Warm
191.00223994058575,157.4530428885116,118.12140738554474,Warm
85.77844888724029,57.050687760837874,49.380544013322336,Cool
186.936632656962,147.35104999861085,136.12474911130397,Neutral
148.02371688047347,111.19553762254247,80.89940981799008,Warm
210.8994681525796,154.52008938879297,126.86283646012636,Warm
87.39021816806877,66.77849841973769,52.78462478144317,Cool
145.5368984780375,136.63595332723872,126.4386309462849,Cool
63.08055811982666,50.91618942608113,20.21301060086815,Warm
57.276004375703074,44.72575283443377,20.0,Warm
70.78847522124705,51.75815798237304,38.274450487052746,Neutral
130.11072200883194,95.19256431513628,71.0412125028664,Neutral
86.66408775945368,83.22365387530607,31.033993667257867,Warm
57.65300624159049,57.56023555192934,28.30851496153073,Neutral
84.90506811850328,50.004105608188965,58.57101727410159,Cool
100.59624595494267,76.65067971721969,35.49267810713904,Warm
150.92121793927726,95.06618481269513,57.96952481986033,Warm
124.40491630541672,94.55109100942644,60.37010412702512,Warm
116.88715855431688,78.47865791709985,61.0121844606556,Cool
79.35989537181582,39.94354888746312,55.15056747409549,Cool
179.3078897671016,148.71740942861572,141.2722101400349,Cool
205.25014698343844,146.58904028811335,117.91850043872374,Warm
169.45217994910035,129.34894781754085,115.48542920630764,Cool
78.74856595113329,48.7553976505772,71.079203160432,Cool
211.95015683953207,169.0602674702831,137.9568318543677,Neutral
72.33906445812055,36.71750549358245,20.0,Warm
198.62364891023125,147.16577156231386,108.58945575260476,Warm
171.65207603151026,97.93233536726822,77.71934397595663,Warm
109.4979871850179,46.42457630601103,32.57031303895022,Warm
225.3429109741417,192.1510403961452,171.43314789137543,Neutral
72.91621073617831,40.6094214887232,33.592904271745816,Cool
133.6365793951926,102.375462188253,85.33653413826815,Cool
97.13924188008838,49.272699349661146,62.45788689850866,Cool
104.12060881780366,72.4655790758018,52.7057711422542,Neutral
130.11072200883194,95.19256431513628,71.0412125028664,Neutral
167.97697919989136,128.27744252882005,103.21743975957575,Neutral
147.67320260160164,84.20400687607172,106.97443459118604,Cool
67.19343386898478,55.89287936049534,48.995962503442406,Cool
110.85092003203847,60.126221804195,30.148911861428417,Warm
131.45631018493495,69.80659496963811,33.45774400684323,Warm
100.2326649109522,73.34525808885162,41.633965238358016,Neutral
152.9774056355424,88.47656823846266,50.189729631645406,Warm
221.14442974489256,178.28329630593225,179.93640260694193,Cool
98.14388963955304,67.82715055425669,80.77870454899009,Cool
145.65018296850246,111.17434194572483,64.24686951191629,Warm
120.27304522641772,100.98551535429822,58.18149144081552,Neutral
163.35089864720274,129.78287402455848,76.57058137135049,Warm
110.71419494373974,81.74446624326154,58.81074405060357,Warm
127.757916905806,74.32325130825768,56.19380508096752,Neutral
153.61059448625724,130.87387164441154,93.05310481253042,Neutral
97.27492394046634,41.64410396848033,35.11087868511408,Warm
181.5276905287189,108.68149400990896,49.636056393764434,Warm
138.91547030061852,79.1641721840938,79.03080795575079,Neutral
206.20651809530423,191.40200058173303,173.08860000887714,Neutral
136.1222709629185,77.27059902421097,39.84222464857861,Warm
213.6041657450804,156.0982794099628,123.59075161238982,Warm
80.6031568512816,63.017745770178166,47.873950851831694,Neutral
192.37680197734204,124.64927730169148,108.48614636707168,Neutral
94.74460350572,35.89885176322396,20.0,Warm
104.64594134939637,62.52838810654568,39.19184603390704,Neutral
73.68892919792829,45.88580795301301,35.32508204292314,Cool
73.65370639134022,49.44946065470328,42.38948514350231,Cool
105.05464950615269,64.7284252263431,53.37402254746302,Cool
190.6417795218628,127.48845672612448,104.43111582359508,Warm
107.0837331346636,54.85950733097267,23.1720354788064,Neutral
73.04966018570121,31.49252791720981,23.56721654784219,Warm
164.86231019164052,104.72132010851634,93.64271249796748,Neutral
127.61402076425354,82.26396400739044,90.0497223433986,Cool
162.43443765780052,110.55483012927084,139.30909863130995,Cool
63.6192100107868,67.25295044592997,55.81009436409951,Cool
177.70257299522422,118.94715285422076,83.65369360447522,Neutral
157.4600998207913,100.8346233918717,74.38375945130849,Neutral
206.20651809530423,191.40200058173303,173.08860000887714,Neutral
101.68875868632348,54.750733301221935,23.93433309002836,Warm
93.74399201837554,54.52965271988866,20.0,Neutral
75.24148597872437,37.96061328376222,20.0,Neutral
173.44855682693017,93.07933748649654,62.11762655992308,Neutral
112.53555151240889,86.60584372814633,38.64830755287289,Warm
49.663322937347736,47.47213144124029,31.84748997835221,Warm
88.79364427122631,33.67646804929841,28.75728507385864,Neutral
128.814056387493,95.74204707571764,87.27286494102096,Cool
75.60144495482031,49.4539840127699,56.30683927391891,Cool
90.83524924706816,64.48211120498291,20.0,Warm
98.41401280659667,51.64220794161621,44.152196124218015,Cool
103.84719153997187,77.52207048794556,62.09006556460402,Cool
136.14824191539535,96.0560136455174,73.99288534257575,Neutral
172.57264136890365,140.9111943496804,132.2304847667786,Cool
255.0,190.61071782304612,155.52354685110706,Warm
109.26877248000184,63.36716618529029,38.495001431787,Warm
197.23194073391335,189.7754195921549,174.0172677154793,Cool
222.78603867551507,179.00246603675464,147.86630931093583,Warm
122.6625138976729,109.98445308165029,62.41287032797273,Neutral
149.59899164424934,120.24826539713584,99.42608257089196,Cool
190.6550876583536,124.9879070024228,75.2026379214336,Neutral
213.51282564058243,202.46517699897927,164.30930812173972,Neutral
187.8813577815557,158.48411387558906,157.20096213446067,Cool
219.42464383767867,155.6808052613143,161.56760852144768,Cool
105.9031624162757,60.08543365597281,41.73041446164488,Neutral
220.7589586371044,191.69778946947363,170.30071036300384,Neutral
90.42561158023692,54.90590955577328,22.34288104765756,Warm
151.27593018760595,132.18001110571777,87.02142850176797,Warm
148.47175679229156,106.3895231477436,40.03484807264604,Warm
173.77234397716387,127.48346727769312,88.1506699049521,Warm
60.54446883556676,40.91223034657781,40.196488138889066,Cool
63.6941511396856,32.62278344214268,29.555162304747167,Warm
50.7116136511782,38.28241792266897,32.37172600342836,Neutral
230.2239077929846,201.68704806333423,181.53956346438304,Cool
103.14834453115508,57.17471297933852,61.83942047477192,Cool
208.1851214164585,172.636343231707,159.2161037834994,Neutral
93.74399201837554,54.52965271988866,20.0,Neutral
158.35705021654425,99.91289416405432,64.3965179215215,Warm
178.2364553069864,165.08067506065095,123.93697165115036,Neutral
217.96872929951823,212.57465031189628,168.36288006524316,Neutral
86.6323380117222,64.25497710657633,57.72167947784051,Cool
162.0038877644331,159.47144419734454,150.0784819019033,Cool
76.36664404585888,46.31613848024382,20.0,Warm
207.21173044679105,136.86825605513073,138.71827509873836,Cool
214.0421129248161,158.9013558937953,109.73100676045668,Warm
82.2833775068049,61.64307879889052,50.98813917825547,Cool
60.54446883556676,40.91223034657781,40.196488138889066,Cool
186.95244786342664,145.91968944621067,117.34637669896058,Warm
87.27931766920794,48.20991258181604,41.32433284848953,Cool
216.0842203109358,180.9485056376211,183.593964792464,Cool
138.68230710221962,126.8550445013722,55.31253204817384,Warm
119.2435985029721,68.76998182577232,36.04806481079056,Neutral
90.03788105099726,25.0,31.31875547594613,Neutral
173.6912560346908,145.70235721913093,117.62431172076326,Neutral
160.53037522505704,122.09689896321066,118.08316106475868,Cool
74.93165330836014,26.280066208902294,45.18667945398703,Cool
190.46480653849932,174.07850273232734,128.5702456594808,Warm
85.85978278586917,51.566660175724046,29.298488127380796,Warm
132.71719079207688,65.96151401986475,69.57942426663755,Neutral
110.85092003203847,60.126221804195,30.148911861428417,Warm
202.85591434137345,170.05138819046982,149.23653307239036,Cool
133.6365793951926,102.375462188253,85.33653413826815,Cool
205.612847953066,174.55970469390837,168.93426740504464,Cool
205.0592721857116,168.86721182107155,169.419063679622,Cool
166.6761603280871,158.4993352612518,137.24606109608715,Cool
54.52797763117658,40.38157855445856,32.707777804531986,Cool
150.32741026804356,96.84085262208689,68.21974685389341,Neutral
137.47214618530955,75.61823659137917,52.4550883572669,Neutral
104.7741598195131,42.68673522425734,23.558862600240627,Neutral
104.87908152654,74.57492953251598,46.082451631551145,Neutral
212.01155721908185,152.60924492543137,130.5027842917524,Neutral
181.33620515277727,143.80276164447835,153.06941538274162,Cool
225.73743401164128,187.6584801346046,170.48986476757918,Neutral
216.2326419563161,190.28168701526985,159.23601508285452,Neutral
149.71861350617664,107.95617707715944,115.43992399209291,Cool
200.85565446715535,158.5117189925564,126.6737341727154,Neutral
103.22772400570632,51.32603161518368,59.47630284488131,Cool
192.97617895919456,169.27242869538134,139.01244407659178,Neutral
173.44855682693017,93.07933748649654,62.11762655992308,Neutral
98.15624293044714,70.0996969280632,67.82755210092891,Cool
225.9551090260296,186.58159011536543,189.38907386136705,Cool
124.80439100257595,66.07273296829752,22.15984338939305,Warm
196.37501324428652,165.5633902174985,159.93161720884106,Cool
193.19029866657377,154.7909999709913,155.44142833092312,Cool
170.63173301138673,117.2362716093758,90.45551446582736,Neutral
68.00250280939632,58.25008430076296,27.690259406686828,Warm
212.01155721908185,152.60924492543137,130.5027842917524,Neutral
132.22073058685584,79.61147446041099,55.07133178847796,Warm
143.71233927679822,83.28985102679135,43.49507198537065,Warm
165.06368182084884,123.05060993641249,104.11213450706607,Cool
201.7441249763526,175.2975992922052,165.1131476566978,Cool
200.00345325596743,170.75085356769026,169.2677279971058,Neutral
206.86263890958375,162.434770221605,138.8787879821463,Cool
195.81918513125424,202.1265610293235,188.20871770113573,Cool
109.86675178672428,73.39352582296837,43.43351814816401,Neutral
101.44893408969972,55.45771726991816,44.57152905321129,Cool
63.6941511396856,32.62278344214268,29.555162304747167,Warm
136.14824191539535,96.0560136455174,73.99288534257575,Neutral
91.31385079643286,63.961562499478745,20.0,Warm
211.34130359748585,188.4181380260717,154.0076766961824,Warm
98.58779131056816,61.30207099180009,54.667563629875445,Cool
240.80666899886376,191.41992774134965,196.36884293468924,Cool
176.78935437443906,129.49352306459548,104.18659398344003,Cool
137.58851431078958,99.0465492210167,88.51946841633858,Cool
166.2523062214134,139.23417669085637,74.2121051060529,Neutral
204.1903689010319,146.50096442463857,105.91849094650595,Warm
195.1318261623303,167.49270349916964,119.72679366503571,Neutral
139.28464121724662,90.7954912259157,58.3888135137181,Neutral
155.9331419361729,88.74504772891466,48.3203293445896,Neutral
70.92879221460379,34.51625483257395,20.0,Warm
83.5233920851763,54.83189225661612,20.0,Warm
177.68424912677972,118.45272838427896,116.97029305154123,Cool
126.07410799716575,77.43759503374805,29.6338434107908,Warm
106.90273207640716,60.609877184231394,20.0,Warm
110.85092003203847,60.126221804195,30.148911861428417,Warm
157.7901645314077,110.3621009258799,78.94353874663527,Warm
90.6694121722636,56.64484402351105,56.13218012392666,Cool
136.79066500864815,116.97952148301545,94.33029895366968,Cool
184.5214926143016,154.14251653476555,120.17438590098747,Neutral
212.00355932644783,185.97652801505168,163.83443600200178,Neutral
104.64594134939637,62.52838810654568,39.19184603390704,Neutral
162.90038355942986,141.29291329826006,111.17350311256128,Cool
205.0592721857116,168.86721182107155,169.419063679622,Cool
92.02267590022343,93.2894513357126,77.9653776081618,Cool
179.27643900281473,135.99253211646504,135.33349129758335,Neutral
134.66095477851394,107.08086384015785,98.81561800428784,Cool
175.81205509675252,127.69740792312597,89.97045211409463,Warm
61.84838709843192,25.0,20.0,Warm
76.20209733643232,45.28260795083544,52.38435192240849,Neutral
107.00523571822136,62.48705503609243,63.1137030643297,Neutral
184.20240751994876,114.77318840137416,92.54481315142128,Warm
210.2157669620364,176.42316933595836,167.40420531264144,Neutral
169.71369183204374,161.5341572318782,172.37464461360858,Cool
102.9054843014836,38.398103116662185,20.0,Warm
208.32081314831152,174.14754577718637,185.2809653921205,Cool
102.75567230867998,73.80424151750204,40.71725000820628,Neutral
240.80666899886376,191.41992774134965,196.36884293468924,Cool
211.75293904573508,196.77609390773932,180.4649291421725,Cool
144.12076436237913,86.71345016951024,63.81867286986207,Neutral
170.9332292298553,148.66285962123968,115.5686948103908,Warm
124.25160558606748,75.1439666621712,39.06858692853326,Neutral
83.2872134891439,61.21411739299651,50.94524391392553,Cool
217.8013104064095,186.75092017348007,182.76759508736495,Cool
108.97665403710091,57.88474356980931,48.12168123860498,Neutral
98.08769394325256,54.68470651991608,47.63622509306187,Cool
94.74460350572,35.89885176322396,20.0,Warm
91.24865078442086,64.37950107221292,53.23962489622824,Cool
195.73263662023209,178.96126748122802,181.50579234496288,Cool
147.17318998707157,99.04353232578237,91.89718015201812,Cool
144.10404148905226,85.00743817242119,68.77187744438365,Warm
229.19372967618887,194.07011296033264,193.06622244123884,Cool
230.79236837073455,207.17420503525477,169.76859529097086,Warm
170.0760856758267,101.95183507516388,80.16086836693475,Warm
113.873213059704,100.53991095910034,91.57011015448056,Cool
135.252277350488,90.49224649559004,83.29830886273436,Neutral
115.21860002812704,77.9969619110562,27.8317570012529,Neutral
62.698144747108245,59.884344525183685,54.74500611060706,Cool
146.8651486831818,100.05788721421344,80.83133343243416,Neutral
101.47971285330952,56.91456209906978,37.51109209201125,Neutral
124.72223411532072,49.19939854146024,41.207285563255226,Neutral
74.47017078185323,47.38103464555724,60.41509253944984,Cool
107.42398007229728,97.71242848437564,75.69795507367706,Cool
163.20444816836667,125.29655163817635,113.71535761796902,Cool
94.49698421390272,56.7285093135329,30.630477508237178,Warm
171.1114516984189,110.7292680262311,93.4398595629478,Neutral
148.07781832222025,109.818163383679,87.68539479938585,Warm
97.49397415148108,52.19633686671367,48.8584136894482,Cool
113.89821990213254,72.47246799746772,64.40815229161659,Cool
175.0827136671804,128.7552742232215,80.4707615456908,Neutral
166.98576663178972,110.79909081776596,88.43704420536622,Neutral
135.85713638527375,108.44701569093594,90.551195996024,Cool
189.2382646255757,187.40608958096635,166.42028570137663,Cool
143.07961813286997,113.1455789584872,123.09182181123954,Cool
50.7116136511782,38.28241792266897,32.37172600342836,Neutral
108.15664710810528,53.23517005243028,42.496819808341975,Neutral
113.41663861275836,93.6283849160054,70.39535810494564,Neutral
73.68892919792829,45.88580795301301,35.32508204292314,Cool
76.20209733643232,45.28260795083544,52.38435192240849,Neutral
73.04955150814386,41.81139087235775,31.80909160279881,Neutral
230.69139212947476,192.6804255780148,148.70214821621852,Neutral
174.41078202170306,173.64575074028545,132.3974058561996,Cool
153.7015487732424,132.17452441472116,124.48306467177257,Cool
103.8969129585756,43.6279067777795,65.85103688080818,Cool
200.44782128735264,126.25776661397391,74.66128823101882,Warm
154.56000439139785,103.9918024346334,64.90146842812055,Warm
132.00083038978147,96.39833887957376,58.60568927436064,Warm
91.17684085887602,49.52596491677229,29.299343519696222,Warm
107.0837331346636,54.85950733097267,23.1720354788064,Neutral
126.07410799716575,77.43759503374805,29.6338434107908,Warm
85.73512006592857,46.46740906468555,20.0,Warm
109.09319760016989,40.88029197524438,20.0,Warm
116.538591991536,87.4137124967437,71.79767039193541,Cool
170.72392645735633,115.07971719732372,97.54423829086294,Neutral
198.05085463832083,174.30929794770745,171.97951808386415,Neutral
98.84478330692748,37.74010434909677,43.871366534889766,Neutral
216.70697450499324,173.3935525894793,118.41393821600954,Neutral
244.67049606408835,193.33108159365693,156.6993191539105,Warm
60.06078667420405,42.45022859453756,24.330699792992803,Warm
104.2457038412426,55.79741022239414,45.56529891047836,Cool
182.9753707302225,146.47292857684693,146.905177320946,Cool
196.2173691678006,136.31475505130956,137.72070891336173,Neutral
176.91209222672342,144.36029325104306,106.21941487905958,Warm
86.10941082861163,60.48404860615789,20.0,Warm
189.76786796583764,146.92576570821376,132.4416750267657,Neutral
103.8969129585756,43.6279067777795,65.85103688080818,Cool
80.08827842779436,60.7161754619907,20.0,Warm
215.4723098834853,178.15845819183284,161.42558082071685,Neutral
75.43433931065181,50.82194552775068,20.0,Warm
147.2227477832773,88.66908772250447,82.3189362198078,Neutral
172.70457917581393,153.02413008508805,115.4752613829432,Neutral
139.6424798482726,107.26914009381132,97.37232002946668,Cool
60.144777040739,47.04375994372103,20.0,Neutral
239.2533232789976,179.4495412624697,146.4101246205006,Neutral
153.55147538632275,114.22807896528424,112.27058269985548,Cool
237.0346679763113,202.68124706176283,163.38352959805314,Warm
181.621481422417,152.86022327295578,135.68032199103237,Cool
85.55497025072951,25.0,20.0,Warm
162.71875732381793,114.69059056261555,122.74354560627744,Cool
154.08133785392909,135.90211678211438,76.1364332897018,Warm
251.4121507215156,217.43138971378053,185.70768757835435,Cool
127.757916905806,74.32325130825768,56.19380508096752,Neutral
124.25160558606748,75.1439666621712,39.06858692853326,Neutral
118.39011907149718,119.14922570759138,92.60603927885228,Cool
144.34007927646869,113.22972862293166,85.15996807708581,Neutral
185.68197512145247,181.06957606687777,179.4945499087754,Cool
109.26877248000184,63.36716618529029,38.495001431787,Warm
144.31751772018612,122.47285115508592,114.6890659376244,Cool
63.70663997609783,38.09836097848169,43.15873658777705,Neutral
68.05701655767614,63.58834955939896,30.459624858400225,Neutral
115.76726565971666,111.30699173739636,104.15425486466218,Cool
150.42846083441444,129.41764411860674,93.86212110314796,Neutral
219.13425133567927,190.9158444163746,158.22349784522194,Warm
91.5500807491058,75.4599528304161,35.26758537645411,Warm
102.9054843014836,38.398103116662185,20.0,Warm
141.3090276053989,63.87896574688628,79.02000300436548,Neutral
169.71369183204374,161.5341572318782,172.37464461360858,Cool
212.15024271918645,161.8092784788225,133.31970327683456,Warm
100.260378052719,79.58082286189588,62.63041192758199,Neutral
86.4924917474499,42.14200373188047,20.0,Warm
69.69496612045957,47.36347406507171,42.79503560656687,Cool
78.56423911855823,34.32158153133369,39.97375032608774,Neutral
98.20147648563936,77.61229330362639,44.12500139409275,Neutral
233.6963650615584,193.58426417257252,166.3247605763552,Cool
86.66408775945368,83.22365387530607,31.033993667257867,Warm
87.16929868420529,52.6498334445821,49.23282424075422,Cool
142.55014337183297,126.49095210145148,117.95503731299932,Cool
136.69702178103898,94.14842868296306,50.91829277015315,Warm
170.73674503440918,149.7375882552752,111.71825178813928,Warm
175.98145106673584,154.13375502459397,120.1481843957632,Warm
171.79881058248296,169.32567433059816,127.66039365692724,Neutral
213.95209805517797,186.4663652843988,184.2756190230793,Cool
140.07041626182715,95.46102177626352,82.74512144635966,Cool
170.72392645735633,115.07971719732372,97.54423829086294,Neutral
203.57229516088657,196.20867041745603,169.04604247400792,Neutral
160.39085649499089,144.69553802139907,91.73918349740042,Neutral
147.1394294981216,88.1746026555706,73.64895634107145,Neutral
205.64110865285687,149.71796334431562,113.1032418927023,Warm
92.61412559470712,57.558130577803816,20.0,Neutral
86.18398189258224,46.587503356771634,42.68122486635604,Neutral
146.45409061927387,90.85552251628472,51.546509086349545,Neutral
106.34999284703296,82.59352050182211,57.6071590478805,Warm
110.95008611522438,87.81779337494373,68.57432109187586,Cool
137.8068576507268,102.01576894655324,87.61520036250941,Neutral
106.90273207640716,60.609877184231394,20.0,Warm
191.8501957558953,157.5768885420272,161.09323569030525,Cool
101.47971285330952,56.91456209906978,37.51109209201125,Neutral
188.0802324931957,161.0430360026546,120.7751151374633,Warm
133.60818149130412,67.1442903277816,47.00419040505006,Warm
203.57229516088657,196.20867041745603,169.04604247400792,Neutral
130.59648719802064,112.2379891226249,117.06909863877549,Cool
113.5362618941623,76.95424359509974,44.46281202794478,Warm
102.8180176158406,75.2242732604643,98.26716542657572,Cool
152.09554350150856,150.5577220613107,157.4096561151965,Cool
107.14184897575116,56.10830526782682,54.318020176379214,Cool
208.88011370535145,195.120300005422,180.6984632621937,Neutral
205.8938980035491,187.6050075132564,162.03428382368338,Neutral
186.56760560867747,137.49413400227195,121.08769825412747,Cool
184.66169041021848,128.99399035688896,145.66832395152164,Cool
80.85599715595666,67.46549038803958,72.3598388534008,Cool
205.8938980035491,187.6050075132564,162.03428382368338,Neutral
192.95533891972667,138.94530839124997,158.29627212102105,Cool
170.69156768617913,128.4903602747589,85.39182959359593,Warm
78.50800614981318,48.11606629599487,26.81870020311592,Warm
136.56995103405208,90.67103651890406,65.14679204838275,Warm
139.80952388926508,139.06733538036192,134.63706301548714,Cool
143.12977250545006,130.36603701759853,105.77173452287252,Cool
222.462973475771,188.6331396271176,178.70326402754276,Neutral
104.87908152654,74.57492953251598,46.082451631551145,Neutral
164.3561109725742,122.5328737687468,99.2297905752722,Warm
145.7777850336122,91.38642662949388,73.72134159074645,Warm
93.80050285630314,68.18817354606428,29.970914989264983,Warm
95.3481390411814,62.351921540825145,20.0,Warm
187.8813577815557,158.48411387558906,157.20096213446067,Cool
221.75128332667168,172.75129505580944,161.9056178695937,Cool
136.7942970725416,86.02996896546999,58.57874844542178,Neutral
88.86149642858194,25.0,72.59468920432478,Cool
113.27438992019788,75.25743742392059,58.46977221679363,Cool
187.5045258968228,183.2871606735268,148.7347424469723,Warm
98.67951933037295,66.97687724915403,53.26317681327605,Cool
88.86149642858194,25.0,72.59468920432478,Cool
110.95008611522438,87.81779337494373,68.57432109187586,Cool
80.76078605195296,71.77684556861009,34.34889867694655,Neutral
67.19343386898478,55.89287936049534,48.995962503442406,Cool
76.54652294424208,42.63781082689018,20.0,Warm
179.24507367037225,159.08208677834276,149.61589187359183,Cool
167.3141415103407,136.63961745269714,136.5282993390934,Cool
239.2533232789976,179.4495412624697,146.4101246205006,Neutral
181.21257542317508,159.89204726461966,106.88671945407438,Warm
229.0982421380785,201.2723926295618,184.42081141719456,Cool
220.230690120982,209.15338195721205,161.65348405799386,Neutral
136.0394844795281,67.32105855416867,57.98609431167147,Neutral
207.83623849845645,187.5779673993673,159.44220323678547,Cool
174.43240967843374,110.39266618296172,87.88243334091891,Warm
149.04033501344526,70.11680939323728,66.9620655950872,Neutral
202.1226563388668,171.59922906231057,129.7833169726103,Warm
139.09332113123423,93.54385718783892,80.9334080315042,Cool
173.6174700726869,134.51015231667702,142.18416255993142,Cool
70.13572845634238,36.99708425034122,28.525856545914586,Neutral
82.2833775068049,61.64307879889052,50.98813917825547,Cool
72.33906445812055,36.71750549358245,20.0,Warm
205.1426093696392,180.20549530694288,177.1981837780813,Neutral
224.4517784880252,204.26613951757727,163.04869588620753,Warm
123.31309027030468,66.4650524428859,60.04806153633139,Cool
211.95015683953207,169.0602674702831,137.9568318543677,Neutral
144.80604848423633,81.12803857384141,78.11762733534381,Cool
142.0346431820529,141.21353123302524,114.45341539560222,Cool
98.79077286173332,58.027663729056265,20.356540121945024,Warm
206.60759083011328,171.38136069710387,106.87150790917376,Warm
81.63971862629835,59.65323821842191,25.238907334205607,Neutral
191.0723348369397,156.40081803088427,129.2525914606643,Neutral
85.64008104993464,68.627615629483,56.39339111458855,Cool
110.46998202571665,73.97015384110442,35.68296328884338,Neutral
98.32469166828956,82.41561887782188,65.4471257033751,Cool
220.82331333905915,172.62366809769014,182.5524859049393,Cool
183.27095003094703,149.75972381562852,92.05857967753352,Warm
80.6031568512816,63.017745770178166,47.873950851831694,Neutral
159.03446600578656,127.10628254824482,97.47508803570912,Cool
170.4057682103655,140.18763973345995,138.47443861247032,Neutral
230.9719908133073,193.06435244514265,182.41554879673023,Cool
195.42926022157823,139.46215087102323,128.33017502741572,Neutral
196.7004552842945,193.5664323513288,172.10910334897235,Cool
89.3976384232694,43.97608841423697,20.0,Warm
128.06194096313789,78.08349912739072,60.60183684745114,Warm
63.70663997609783,38.09836097848169,43.15873658777705,Neutral
73.2563934435862,38.25031922756828,20.0,Neutral
109.86675178672428,73.39352582296837,43.43351814816401,Neutral
167.45921575745166,114.59770807243704,78.01507408178054,Warm
97.59777168091976,79.34878361384465,33.176375343996895,Warm
200.10206752067785,168.58526833148878,121.83971221886928,Warm
87.73460614553642,72.41086653653919,20.0,Warm
112.27428441865086,94.15068636380288,77.70936408310278,Cool
144.6554689476896,133.0220715341441,126.09865352161208,Cool
61.13426275668,59.1792563256929,47.67397576355006,Cool
99.90971936299664,65.23174371507844,20.0,Warm
171.50634342869108,132.64256479526338,121.48425101442308,Cool
189.6838541611024,157.57117215065264,139.51303697069105,Neutral
88.86149642858194,25.0,72.59468920432478,Cool
163.5799884293866,145.9528004753758,129.63850992653738,Cool
186.16368948552545,160.94218695708557,137.82869537484245,Cool
134.71209882123597,86.04507625337281,106.51557052501852,Cool
137.86957298572418,134.24867256076365,101.25709522276718,Cool
128.8956286307866,70.01158033313463,22.033258568893487,Warm
65.38999493326128,41.4294733928973,20.0,Neutral
137.1166112503492,97.53350482056288,109.19319838704364,Cool
104.7741598195131,42.68673522425734,23.558862600240627,Neutral
99.49496738036336,68.69130422615586,46.05274874428122,Neutral
190.6370005163184,142.5885968303664,95.53706978510228,Warm
196.05555475597205,160.3715172135434,132.36119980280554,Neutral
186.19073734194785,148.22176890252533,90.1285945581849,Warm
190.6417795218628,127.48845672612448,104.43111582359508,Warm
184.88851344279,122.60679493885816,113.03246362383122,Cool
208.81357667084345,197.7219932914156,185.5420092574697,Cool
140.59918735324055,151.0429372731657,118.8479695229572,Cool
179.12950640049985,149.7491033884503,119.28631243664076,Warm
188.25832147769293,151.3451184081005,122.81747209661052,Neutral
199.27697784318457,148.42280443526562,123.74174283432374,Warm
135.51880319569324,95.23139652038668,76.2258014910894,Cool
62.19703403687826,37.91851916321272,32.8666192863706,Neutral
153.62329677983826,100.35802475382656,35.6161804533871,Warm
167.45921575745166,114.59770807243704,78.01507408178054,Warm
205.0592721857116,168.86721182107155,169.419063679622,Cool
91.06426213519592,88.6994305111493,70.17268607944695,Cool
131.45631018493495,69.80659496963811,33.45774400684323,Warm
113.41663861275836,93.6283849160054,70.39535810494564,Neutral
220.82699710914048,186.04337367842763,164.44621113436622,Neutral
83.5233920851763,54.83189225661612,20.0,Warm
175.0827136671804,128.7552742232215,80.4707615456908,Neutral
186.07899785028303,133.83252580960612,144.84652571845973,Cool
91.20671712517095,66.40795606366767,81.96537285714295,Cool
213.71482764115672,143.12504792958453,138.73457994755393,Cool
171.68251374724082,137.04019030576097,110.64206413673811,Cool
131.09831727086635,75.78072057371932,74.27857523650592,Cool
122.96150619704314,94.9178133680364,59.10126694210611,Warm
151.06937481300196,84.86190951142373,66.53168390218701,Cool
151.5331218334426,69.2125330136963,44.18358343391981,Warm
190.6417795218628,127.48845672612448,104.43111582359508,Warm
90.83524924706816,64.48211120498291,20.0,Warm
68.77270327178806,51.63251917102279,35.2187174204995,Warm
85.36904853442854,31.700885376914805,20.0,Warm
154.08133785392909,135.90211678211438,76.1364332897018,Warm
72.56055603328579,41.60108793896037,20.0,Warm
76.26423417563062,69.84728577889106,59.49142555601776,Cool
153.61059448625724,130.87387164441154,93.05310481253042,Neutral
133.21048343351865,92.7074270796712,80.62609740093079,Cool
133.2858608740719,71.18405710050712,51.367260584863736,Warm
151.71187939779009,125.35593170449108,57.26277646303201,Warm
80.40807686962958,40.64357379244457,49.49161798104818,Cool
87.08561273536235,55.49053404607404,26.93375421480684,Warm
128.62570768623593,107.64149030941226,89.63231795694736,Cool
189.05441164496872,156.23371812355018,131.09914174150313,Neutral
189.9714514650788,113.9865899978802,107.30395443896316,Neutral
88.86149642858194,25.0,72.59468920432478,Cool
175.18887477146137,154.40670344500847,156.5534361692998,Cool
158.9595435898945,112.0439968451681,84.06147393420397,Warm
76.34507158111714,71.70091370420896,61.72288546281422,Cool
144.96758536359022,125.89756492658036,127.15728292590606,Cool
112.13041428831464,82.20368025636161,66.68716231537734,Cool
119.14911604986575,84.48252744604521,70.18134296680178,Neutral
75.24221547813492,50.48718523477042,20.0,Warm
106.01449992537056,61.27551742206977,20.0,Warm
173.11647023456487,116.71449212871865,80.92399930864622,Neutral
201.7441249763526,175.2975992922052,165.1131476566978,Cool
175.09997321301307,157.91463123396906,137.79319246274625,Neutral
193.19029866657377,154.7909999709913,155.44142833092312,Cool
229.19372967618887,194.07011296033264,193.06622244123884,Cool
141.4198535456198,98.44502552124148,57.3725400680327,Warm
155.34654453340852,105.46144398352466,84.04686041050904,Warm
217.44232185852127,183.8687672939309,158.8776703300092,Neutral
133.2858608740719,71.18405710050712,51.367260584863736,Warm
153.2774401469582,121.4906308792736,76.85246854079276,Warm
171.79881058248296,169.32567433059816,127.66039365692724,Neutral
205.7806748029957,174.57673896789038,142.3784596568447,Warm
224.4517784880252,204.26613951757727,163.04869588620753,Warm
66.51416606630221,48.88448511758361,52.13696121258002,Cool
101.4109005874602,78.20041387985914,84.25718219092465,Cool
89.2309513507428,65.66053604259034,66.76021485224362,Neutral
123.55378775537504,72.52741352573759,55.211921079546784,Cool
213.04226318469924,184.18719392562977,168.29733511289265,Cool
125.5404108562002,84.59224562795588,29.870630028587875,Warm
153.40075541652715,125.61845756940406,82.52732287857187,Warm
139.97966043984147,134.20160597668465,116.1236117656396,Cool
143.07961813286997,113.1455789584872,123.09182181123954,Cool
212.63465033092297,180.7148441865725,150.63765637723506,Warm
102.26000686200726,57.89408144880901,35.88037337097256,Neutral
225.36593616437827,176.45192759027276,145.8050406967593,Warm
151.27593018760595,132.18001110571777,87.02142850176797,Warm
102.42705816922584,55.04805271683898,20.0,Warm
178.02435102211757,123.09413576639088,82.64571433056838,Warm
218.08485593972352,207.41684106379265,186.7413440899727,Neutral
61.55927783889578,38.26879759081779,39.585464458271325,Neutral
149.04033501344526,70.11680939323728,66.9620655950872,Neutral
71.06975697077998,34.886365187793146,34.3470392323561,Neutral
153.61059448625724,130.87387164441154,93.05310481253042,Neutral
235.2130837225503,197.5675445051886,158.9396704518927,Warm
179.24507367037225,159.08208677834276,149.61589187359183,Cool
174.0990309632384,157.64284281628792,130.09999737256337,Cool
236.51785121966236,187.8124951612821,153.33111630643236,Warm
69.85072646328926,57.08539734990996,21.9524576477075,Warm
148.58470670155435,91.9522771506428,93.36645743145786,Cool
205.612847953066,174.55970469390837,168.93426740504464,Cool
144.10404148905226,85.00743817242119,68.77187744438365,Warm
100.260378052719,79.58082286189588,62.63041192758199,Neutral
171.28781882758827,144.9695151741489,122.69317209162524,Cool
226.7512064931699,208.8635325794786,156.4966361981045,Neutral
221.56329425767464,195.613586719049,149.90718489490064,Warm
216.1229978051855,201.8128946868348,168.31707299526576,Neutral
148.02371688047347,111.19553762254247,80.89940981799008,Warm
63.70663997609783,38.09836097848169,43.15873658777705,Neutral
90.10934287506066,61.588500288385895,49.61537154725356,Cool
161.83560549514175,147.89949411483974,109.6108667965376,Neutral
203.06537178115724,163.1313831273585,127.942276299019,Neutral
163.20444816836667,125.29655163817635,113.71535761796902,Cool
239.2533232789976,179.4495412624697,146.4101246205006,Neutral
164.3403213754428,135.27725775062112,73.77886518991566,Warm
173.11647023456487,116.71449212871865,80.92399930864622,Neutral
186.7121206762189,112.58022315763658,94.64229210102228,Cool
84.9313393873109,41.70780795490049,32.34841102411605,Neutral
93.8732980817796,67.65453681670147,22.081490950861017,Warm
168.16677851199017,122.12179912348152,80.99964960096843,Warm
213.51282564058243,202.46517699897927,164.30930812173972,Neutral
226.551360412382,205.9031760053347,179.21979243348926,Neutral
184.20240751994876,114.77318840137416,92.54481315142128,Warm
130.8705472251862,95.43942310525978,76.82749145822032,Neutral
62.509998669983,62.695699371920725,52.26478425047238,Cool
89.3976384232694,43.97608841423697,20.0,Warm
76.7374654322892,44.7137992436309,20.0,Warm
92.18087738755406,55.98494403888747,24.363440453007502,Neutral
110.22695410260468,85.53306337836028,77.32653692800478,Cool
148.69756040777813,109.51340029066606,102.7337645120126,Cool
104.8456015528172,52.66759417213088,53.9694036366005,Cool
90.5366739211311,84.11526883063355,34.172707003196514,Warm
101.02417821641754,73.06379170745235,46.14279492064513,Neutral
122.29643436152934,83.42542522463047,77.49482006076545,Neutral
188.405368546439,142.8741009314733,102.92189101463762,Warm
92.91708152681922,68.25872214324734,79.271671369377,Cool
242.52213533538003,175.78497181396477,143.94796649678284,Warm
192.28254498547037,166.07053815234931,135.5855827286692,Neutral
229.57113426921177,185.57601377869568,166.20848969482591,Cool
217.8013104064095,186.75092017348007,182.76759508736495,Cool
43.56580740988444,47.91094974018113,40.0457090729414,Cool
206.20651809530423,191.40200058173303,173.08860000887714,Neutral
164.26032679260337,116.94194198421856,106.8706927182838,Neutral
83.2872134891439,61.21411739299651,50.94524391392553,Cool
135.64980535423413,77.71398485008297,55.5525241895396,Neutral
98.14388963955304,67.82715055425669,80.77870454899009,Cool
180.31411913773488,149.07434882763388,125.59147306386454,Neutral
149.80120812052374,113.53966187548106,77.95852454819337,Warm
148.56152554933385,102.35834472711636,70.99614243169064,Neutral
155.19848184875693,129.54171485114563,120.91959964220923,Cool
205.8938980035491,187.6050075132564,162.03428382368338,Neutral
220.02094477181808,192.8274310072289,159.58964520096396,Cool
129.5838702028339,105.76059257220405,89.29148715878179,Cool
89.48890703101918,60.95176144055928,56.54853516438035,Neutral
211.94440433330783,193.29174856772852,170.11387080575545,Neutral
80.12676174321734,76.4362697388034,63.08381617495782,Cool
200.5421301769065,202.43080988013145,190.7290898476062,Cool
145.7109693802154,105.24251510284166,85.48954418153585,Warm
109.69773061248556,55.00232355021244,26.169878555005997,Warm
62.19703403687826,37.91851916321272,32.8666192863706,Neutral
129.35915695097037,79.21794674063013,35.79465154177901,Warm
140.7999959731568,88.14921044355431,99.2533386916461,Cool
216.95486994736987,184.68350124198656,170.31401868035474,Cool
172.70457917581393,153.02413008508805,115.4752613829432,Neutral
226.551360412382,205.9031760053347,179.21979243348926,Neutral
174.43240967843374,110.39266618296172,87.88243334091891,Warm
223.8488617405568,194.50108378662824,172.65027791694556,Neutral
93.74399201837554,54.52965271988866,20.0,Neutral
88.06231315426298,71.8092232200871,45.04399860898568,Neutral
72.56055603328579,41.60108793896037,20.0,Warm
218.35296088550868,196.72503009052556,138.81585603466462,Neutral
96.5574790055856,60.73395371756158,34.12839216943262,Neutral
85.33779892269044,50.22071417218061,59.47431492418736,Cool
165.95344849706544,118.95639568342048,73.05948832710135,Warm
187.5045258968228,183.2871606735268,148.7347424469723,Warm
109.26877248000184,63.36716618529029,38.495001431787,Warm
151.06937481300196,84.86190951142373,66.53168390218701,Cool
89.81465887456385,57.05400721719959,42.30806617486411,Warm
73.2563934435862,38.25031922756828,20.0,Neutral
166.87191230809884,105.45327972350906,80.76527483064531,Neutral
221.14442974489256,178.28329630593225,179.93640260694193,Cool
92.48703443713129,59.42221579091444,32.99767447982922,Neutral
210.14335984930736,194.0556834003525,145.79014278351232,Warm
159.86842527453587,172.17688481749306,148.82563394930187,Cool
179.1873469113044,157.2390137797688,130.43156142334175,Neutral
103.8969129585756,43.6279067777795,65.85103688080818,Cool
213.62256144146983,168.79139298773887,104.78682738588326,Warm
225.9836904265661,199.791855174116,161.1581248354735,Neutral
79.5940695882193,44.08744294436424,20.0,Warm
85.45114151977408,70.33508924320161,55.997347556390906,Cool
75.26444398255902,53.11075727435853,47.64701915403037,Cool
142.65247508140695,102.118982614217,62.49593566797788,Neutral
71.86557093242972,49.38944408775164,54.75705132230247,Cool
207.05195753354323,166.69810539995376,162.52688963570768,Neutral
213.5691702549385,190.8965338242628,157.39531701053548,Neutral
94.49698421390272,56.7285093135329,30.630477508237178,Warm
100.076685731437,76.704460007054,20.0,Warm
63.70663997609783,38.09836097848169,43.15873658777705,Neutral
198.4969027152356,191.86695163636344,165.7461333585792,Neutral
165.52016375358878,129.4032424249936,87.2880523852262,Warm
122.6625138976729,109.98445308165029,62.41287032797273,Neutral
108.52186421494446,93.4511832726123,72.95828265364207,Cool
107.45708336022469,76.18993234800979,84.09783897706141,Cool
186.574608186872,127.65075911809168,93.41307816785228,Warm
125.150942028222,87.09364008857749,34.58084904527686,Warm
172.2883796658681,146.00165615641046,114.07438694316298,Neutral
144.10404148905226,85.00743817242119,68.77187744438365,Warm
211.33772471745556,181.7076861169752,177.93322736866625,Cool
69.84605517638362,57.65962234814038,20.0,Neutral
126.53365366323784,104.21427937409048,62.80945290159949,Warm
138.07648468612376,111.29187416543448,59.59885735520948,Neutral
136.8293947159297,81.83901546260792,80.57266207049051,Cool
153.62329677983826,100.35802475382656,35.6161804533871,Warm
183.156894577768,142.6775948466818,141.19380167828558,Neutral
185.16998907422985,148.6876692914799,129.0678383048589,Neutral
160.0419149923588,117.8477559512944,85.65393297661555,Neutral
203.3315082495212,190.68959012091497,196.57724827829367,Cool
255.0,190.61071782304612,155.52354685110706,Warm
88.18416898009148,60.8662518054056,26.627408786528225,Neutral
205.0592721857116,168.86721182107155,169.419063679622,Cool
215.20303451445628,149.2654537507983,123.19656716852283,Warm
162.71875732381793,114.69059056261555,122.74354560627744,Cool
195.1318261623303,167.49270349916964,119.72679366503571,Neutral
196.84311890652376,152.59279109729226,124.49297780741216,Warm
88.79364427122631,33.67646804929841,28.75728507385864,Neutral
230.2239077929846,201.68704806333423,181.53956346438304,Cool
93.54765901064027,59.898811919219554,29.30519654506929,Warm
171.50634342869108,132.64256479526338,121.48425101442308,Cool
79.00890245905808,50.37659298610946,20.0,Warm
217.3476521314253,209.42647083225853,183.0482913357104,Cool
132.0633564193702,72.32253417365614,72.670267773414,Cool
118.12726885069868,62.0838017352813,25.431762599880106,Warm
100.92142402135434,53.727929080760674,46.02788353583124,Warm
118.62071552458367,73.82837271395093,59.74199849123749,Cool
90.03788105099726,25.0,31.31875547594613,Neutral
141.3090276053989,63.87896574688628,79.02000300436548,Neutral
136.23511800589674,102.87056397670165,84.02573965672005,Cool
88.4520292192764,83.24790088639061,31.86036999018353,Warm
136.14824191539535,96.0560136455174,73.99288534257575,Neutral
82.54876614631242,34.583979724745404,53.17815004266492,Cool
188.02087278862075,141.248990346641,139.62079131438415,Neutral
154.08133785392909,135.90211678211438,76.1364332897018,Warm
116.20171494952092,55.84686929054603,36.187977833524506,Warm
75.751848883934,54.62571140473983,43.93091843465341,Cool
71.33453275725691,43.25138862320856,20.0,Warm
118.12726885069868,62.0838017352813,25.431762599880106,Warm
161.42975154748396,158.73384706185706,157.13414445393397,Cool
129.48122210980165,88.35575865565332,53.095976767512624,Warm
154.81567870022894,113.00476905341748,69.86843670063226,Neutral
162.71875732381793,114.69059056261555,122.74354560627744,Cool
148.02371688047347,111.19553762254247,80.89940981799008,Warm
129.5838702028339,105.76059257220405,89.29148715878179,Cool
186.86966509579,140.00194417167023,140.12559796640952,Neutral
195.47632231917075,168.3759305220202,115.08128159350788,Neutral
137.58165639054317,126.23672999584296,99.4986411361003,Cool
95.46229326832096,69.15005090170897,53.21626976097859,Neutral
114.29860975180172,78.33115042771674,60.40009092917925,Neutral
110.95008611522438,87.81779337494373,68.57432109187586,Cool
220.58866973489856,205.1132501524278,140.73708878235004,Neutral
129.6371025481,85.38068492752626,66.47768868847474,Cool
209.26327577253008,191.9479293826417,150.97502774683218,Warm
121.9337266858498,82.59937768246654,60.291057234271904,Neutral
226.551360412382,205.9031760053347,179.21979243348926,Neutral
155.1275757230508,143.3691438295223,122.92628940658456,Cool
65.38999493326128,41.4294733928973,20.0,Neutral
84.82838418103786,46.1335002245768,20.0,Warm
145.7777850336122,91.38642662949388,73.72134159074645,Warm
215.39338511451516,166.86115038668382,137.52313751722545,Warm
190.0542074585164,135.4768739144307,110.0666113674198,Warm
186.98676894355705,123.20834809216694,97.83653001477563,Warm
43.57291877225733,47.74415208643206,54.51823861234758,Cool
154.7434820848193,123.78506195420889,107.3114166831904,Cool
213.8877923318236,182.68696603766412,172.8845304929087,Neutral
57.27365263450825,63.90059640742665,25.455349120792235,Neutral
192.37680197734204,124.64927730169148,108.48614636707168,Neutral
123.66177955879192,127.26438875964298,112.84378922203396,Cool
171.68251374724082,137.04019030576097,110.64206413673811,Cool
104.64594134939637,62.52838810654568,39.19184603390704,Neutral
83.64039043992655,66.09676943228567,23.520069872267484,Neutral
126.0513559354214,93.23711015018011,94.7132465778837,Cool
177.70257299522422,118.94715285422076,83.65369360447522,Neutral
184.1001326204142,143.7289648503477,115.08564023860976,Warm
70.78847522124705,51.75815798237304,38.274450487052746,Neutral
197.18224295706227,197.57689174481143,152.89240361367945,Neutral
71.68694763472911,57.25333259005968,50.06364544169522,Cool
191.0723348369397,156.40081803088427,129.2525914606643,Neutral
128.62570768623593,107.64149030941226,89.63231795694736,Cool
76.2709765431075,67.43385781924889,37.57898705316359,Neutral
170.52641604947095,142.12884137436657,100.26422433229796,Neutral
167.29149339233933,150.8144052750395,93.04895873027594,Neutral
214.7025875112907,177.60740995010735,176.60434384523663,Cool
132.71719079207688,65.96151401986475,69.57942426663755,Neutral
111.12700608815064,81.12461539465768,46.89913973568671,Neutral
203.582089609052,202.8300216680975,164.2403236675869,Warm
199.27697784318457,148.42280443526562,123.74174283432374,Warm
59.268735950157335,66.15957776414075,57.06728206001712,Cool
180.6074116933265,163.07375876998375,124.76367540242512,Neutral
79.94079281949915,59.23356533417864,20.0,Neutral
177.70257299522422,118.94715285422076,83.65369360447522,Neutral
137.03811445386097,97.27030680468954,40.99463669210394,Warm
151.27593018760595,132.18001110571777,87.02142850176797,Warm
124.50379498248044,102.95708162771705,84.7912188652975,Cool
178.3246181517838,137.30937087400451,131.98539526610674,Neutral
159.5664395594945,127.62767145762596,88.54827614250313,Warm
165.13179471098883,145.50873539189132,125.66344875765012,Cool
193.52825713970907,149.05412311895074,128.4065918018876,Cool
191.4113217922403,111.29383215951404,97.72017978732602,Neutral
107.77092502013257,85.79122923976753,99.7871500031731,Cool
219.93853759935917,183.23481669593525,148.63048587066004,Warm
193.5480490771637,165.86002020355318,110.25262329250576,Warm
234.71068486675583,203.07903790316055,168.3969147103949,Neutral
103.51003266265,65.57777203286643,52.926151031223206,Cool
229.0982421380785,201.2723926295618,184.42081141719456,Cool
165.39937897936312,157.09497115868643,128.63891391834136,Cool
232.17250142941148,190.60355504741648,182.09948885199103,Cool
92.14810442143988,29.03380749754872,28.11221586143522,Neutral
107.42398007229728,97.71242848437564,75.69795507367706,Cool
183.156894577768,142.6775948466818,141.19380167828558,Neutral
186.3046673817873,152.77940039605596,156.68900074115288,Cool
226.385693671714,226.33161973716935,176.68311286341685,Neutral
222.63672751481545,187.30028045713323,170.24312383424507,Neutral
220.230690120982,209.15338195721205,161.65348405799386,Neutral
109.37572857698188,83.555710900411,63.14338590499584,Cool
80.29865024559524,51.83649170845487,41.09735527017237,Neutral
136.0394844795281,67.32105855416867,57.98609431167147,Neutral
186.31726321195532,114.18496812826184,85.70423957689702,Neutral
210.7258168325291,184.4097177987866,164.29150483683574,Neutral
80.76078605195296,71.77684556861009,34.34889867694655,Neutral
179.863141658078,160.74699723791954,174.72529541383727,Cool
71.86557093242972,49.38944408775164,54.75705132230247,Cool
113.41663861275836,93.6283849160054,70.39535810494564,Neutral
166.38617424178798,95.8099423640391,64.92949314934705,Neutral
90.03788105099726,25.0,31.31875547594613,Neutral
50.721868438546494,57.51007319689501,48.35777950676902,Cool
198.9404156739785,163.93040240349234,145.7138105004405,Cool
193.30674384812693,168.70132930381902,126.90949396066148,Warm
190.55066196645527,160.54415460291085,143.8937305384984,Neutral
175.0827136671804,128.7552742232215,80.4707615456908,Neutral
90.2285493631206,67.6868183053306,47.699738091851614,Neutral
123.3713305053651,54.38546662851676,20.58371573491243,Warm
174.41078202170306,173.64575074028545,132.3974058561996,Cool
193.20923070438712,124.01287591158582,86.70488577980585,Warm
113.27606753111183,115.74569921020424,90.258212045842,Cool
93.74399201837554,54.52965271988866,20.0,Neutral
113.41663861275836,93.6283849160054,70.39535810494564,Neutral
251.4121507215156,217.43138971378053,185.70768757835435,Cool
232.62426316074811,204.41143080184045,167.28067459750176,Warm
168.16677851199017,122.12179912348152,80.99964960096843,Warm
85.20100850886091,89.34253647929395,72.88297270329551,Cool
221.56329425767464,195.613586719049,149.90718489490064,Warm
76.2709765431075,67.43385781924889,37.57898705316359,Neutral
116.96543248082108,61.00474734502838,66.63626882366928,Cool
220.230690120982,209.15338195721205,161.65348405799386,Neutral
109.37572857698188,83.555710900411,63.14338590499584,Cool
177.39178908994458,126.41891774433168,92.93036576257091,Neutral
78.23889000779687,37.02358976807781,49.45323591570127,Neutral
226.08978154343927,197.1965929986954,174.7129323721803,Cool
103.16190772671692,72.61281158888535,20.0,Neutral
124.80439100257595,66.07273296829752,22.15984338939305,Warm
193.52825713970907,149.05412311895074,128.4065918018876,Cool
203.6982560586744,173.3587485791744,130.34053819646562,Neutral
163.35089864720274,129.78287402455848,76.57058137135049,Warm
86.18398189258224,46.587503356771634,42.68122486635604,Neutral
104.7864651158978,59.78180793606727,32.163559751538486,Warm
133.61270730500075,81.22440181067242,29.188241112746013,Warm
207.62674097282647,158.45373130351368,158.36781125333752,Neutral
245.11801970716715,201.99223294673263,158.9356348360763,Warm
175.70565304504393,161.80707870999424,115.73249482380947,Neutral
102.96099149547705,47.04989065104742,66.21068326908572,Cool
166.87191230809884,105.45327972350906,80.76527483064531,Neutral
167.31846427451708,96.66539173884634,64.1933737457729,Neutral
188.09938291949516,152.7991558998549,129.99462460927413,Cool
190.84346466463091,153.86645191519813,158.91127331431343,Cool
192.13111334880617,127.92901504003063,89.40620328675261,Warm
127.39538104276473,69.90930648784204,38.76721442121553,Neutral
179.3078897671016,148.71740942861572,141.2722101400349,Cool
103.9112595108235,56.476700083988405,21.448433204413337,Warm
150.22615967901692,105.42664683269734,63.57034067510296,Warm
110.80617331584776,71.82381666112654,65.8221742511201,Cool
149.59899164424934,120.24826539713584,99.42608257089196,Cool
221.53474418858707,207.39637673592247,160.5785448900152,Cool
91.20671712517095,66.40795606366767,81.96537285714295,Cool
236.3877102266402,198.94679589513208,164.23466635346298,Warm
169.45217994910035,129.34894781754085,115.48542920630764,Cool
203.3315082495212,190.68959012091497,196.57724827829367,Cool
213.22965583711576,178.35275664951453,148.86602523285637,Warm
165.8855962002788,139.6018559803187,131.57315839539217,Cool
162.69625517231984,142.421683984663,147.32916535066585,Cool
206.20651809530423,191.40200058173303,173.08860000887714,Neutral
168.85526296817048,143.12952409138003,77.31767110688513,Warm
100.06623993724928,52.235260767686135,20.0,Warm
105.9031624162757,60.08543365597281,41.73041446164488,Neutral
196.75813844795485,179.13048541649098,118.99585077645963,Warm
136.18367079431516,101.07272457044182,63.45220435965801,Neutral
167.69507846666514,142.1916374593429,150.52989228525755,Cool
130.0277232800376,144.9344116618623,116.54781410165046,Cool
183.156894577768,142.6775948466818,141.19380167828558,Neutral
170.63173301138673,117.2362716093758,90.45551446582736,Neutral
97.3265984374735,65.90143861908734,20.0,Warm
177.68424912677972,118.45272838427896,116.97029305154123,Cool
203.57229516088657,196.20867041745603,169.04604247400792,Neutral
216.0842203109358,180.9485056376211,183.593964792464,Cool
206.196423760704,152.18228191159082,153.56721057235453,Cool
192.28254498547037,166.07053815234931,135.5855827286692,Neutral
114.27350443846764,78.69402105780404,45.91554518391821,Warm
168.49416024419014,137.33996360613324,98.20438036683638,Neutral
215.58101251854364,188.68879995015752,153.5868240026736,Warm
183.3724402217221,152.44637866438325,129.01479367602843,Cool
166.68322044389248,144.93719815672125,130.19608682540343,Neutral
110.07591122258064,90.27700368607238,27.71586285955948,Warm
188.25832147769293,151.3451184081005,122.81747209661052,Neutral
132.0633564193702,72.32253417365614,72.670267773414,Cool
225.3429109741417,192.1510403961452,171.43314789137543,Neutral
185.48545475459844,144.52326297137498,103.81453227187988,Warm
102.14670054046216,66.93525188483204,30.548469153052228,Warm
195.47632231917075,168.3759305220202,115.08128159350788,Neutral
170.09472997432408,155.57734545626872,143.78447785925522,Cool
136.33437460864795,104.45251823573746,76.73471473055154,Neutral
208.81357667084345,197.7219932914156,185.5420092574697,Cool
204.4154446312243,197.89128379331345,156.70800082783467,Warm
185.38778367878413,150.85495000235636,147.9398344435213,Cool
183.27095003094703,149.75972381562852,92.05857967753352,Warm
105.6044181038684,53.60264894794791,30.90714251707071,Warm
69.69496612045957,47.36347406507171,42.79503560656687,Cool
225.72906790876317,198.5495496246508,188.6916029100742,Cool
122.12402675818824,85.5917296993193,84.02707496569013,Cool
101.61543323587117,58.63904816229879,55.780107575540384,Neutral
232.60052535818969,193.58371467380388,188.5575141192722,Cool
239.2533232789976,179.4495412624697,146.4101246205006,Neutral
198.62364891023125,147.16577156231386,108.58945575260476,Warm
64.34602616549107,33.35791755604529,40.12116919017456,Neutral
164.26032679260337,116.94194198421856,106.8706927182838,Neutral
132.76773253642625,80.96681596342523,57.28126417332842,Warm
172.4902112696344,121.00076401139772,142.0183219091893,Cool
146.6103578803388,109.4323704143316,44.7218466783822,Warm
217.44232185852127,183.8687672939309,158.8776703300092,Neutral
66.51416606630221,48.88448511758361,52.13696121258002,Cool
56.16381541680843,33.59601363892892,26.944257846022367,Cool
66.51416606630221,48.88448511758361,52.13696121258002,Cool
217.8013104064095,186.75092017348007,182.76759508736495,Cool
